-- phpMyAdmin SQL Dump
-- version 5.2.0
-- https://www.phpmyadmin.net/
--
-- Servidor: 127.0.0.1
-- Tiempo de generación: 25-05-2023 a las 01:01:06
-- Versión del servidor: 10.4.25-MariaDB
-- Versión de PHP: 8.1.10

SET SQL_MODE = "NO_AUTO_VALUE_ON_ZERO";
START TRANSACTION;
SET time_zone = "+00:00";


/*!40101 SET @OLD_CHARACTER_SET_CLIENT=@@CHARACTER_SET_CLIENT */;
/*!40101 SET @OLD_CHARACTER_SET_RESULTS=@@CHARACTER_SET_RESULTS */;
/*!40101 SET @OLD_COLLATION_CONNECTION=@@COLLATION_CONNECTION */;
/*!40101 SET NAMES utf8mb4 */;

--
-- Base de datos: `empresa`
--

-- --------------------------------------------------------

--
-- Estructura de tabla para la tabla `categorias`
--

CREATE TABLE `categorias` (
  `idcategoria` int(11) NOT NULL,
  `nombre` varchar(15) DEFAULT NULL,
  `descripcion` mediumtext DEFAULT NULL
) ENGINE=MyISAM DEFAULT CHARSET=utf8;

--
-- Volcado de datos para la tabla `categorias`
--

INSERT INTO `categorias` (`idcategoria`, `nombre`, `descripcion`) VALUES
(1, 'Bebidas', 'Gaseosas, café, té, cervezas y maltas'),
(2, 'Condimentos', 'Salsas dulces y picantes, delicias, comida para untar y aderezos'),
(3, 'Repostería', 'Postres, dulces y pan dulce'),
(4, 'Lácteos', 'Quesos'),
(5, 'Granos/Cereales', 'Pan, galletas, pasta y cereales'),
(6, 'Carnes', 'Carnes preparadas'),
(7, 'Frutas/Verduras', 'Frutas secas y queso de soja'),
(8, 'Pescado/Marisco', 'Pescados, mariscos y algas');

-- --------------------------------------------------------

--
-- Estructura de tabla para la tabla `clientes`
--

CREATE TABLE `clientes` (
  `idcliente` int(11) NOT NULL,
  `usuario` varchar(5) NOT NULL,
  `empresa` varchar(40) NOT NULL,
  `nombres` varchar(30) NOT NULL,
  `correo` varchar(40) NOT NULL,
  `cargo` varchar(30) DEFAULT NULL,
  `direccion` varchar(60) DEFAULT NULL,
  `ciudad` varchar(15) DEFAULT NULL,
  `region` varchar(15) DEFAULT NULL,
  `clave` varchar(10) NOT NULL,
  `pais` varchar(15) DEFAULT NULL,
  `telefono` varchar(24) DEFAULT NULL,
  `fax` varchar(24) DEFAULT NULL
) ENGINE=MyISAM DEFAULT CHARSET=utf8;

--
-- Volcado de datos para la tabla `clientes`
--

INSERT INTO `clientes` (`idcliente`, `usuario`, `empresa`, `nombres`, `correo`, `cargo`, `direccion`, `ciudad`, `region`, `clave`, `pais`, `telefono`, `fax`) VALUES
(1, 'ALFKI', 'Alfreds Futterkiste', 'Maria Anders', '', 'Representante de ventas', 'Obere Str. 57', 'Berlín', NULL, '12209', 'Alemania', '030-0074321', '030-0076545'),
(2, 'ANATR', 'Ana Trujillo Emparedados y helados', 'Ana Trujillo', '', 'Propietario', 'Avda. de la Constitución 2222', 'México D.F.', NULL, '05021', 'México', '(5) 555-4729', '(5) 555-3745'),
(3, 'ANTON', 'Antonio Moreno Taquería', 'Antonio Moreno', '', 'Propietario', 'Mataderos  2312', 'México D.F.', NULL, '05023', 'México', '(5) 555-3932', NULL),
(4, 'AROUT', 'Around the Horn', 'Thomas Hardy', '', 'Representante de ventas', '120 Hanover Sq.', 'Londres', NULL, 'WA1 1DP', 'Reino Unido', '(71) 555-7788', '(71) 555-6750'),
(5, 'BERGS', 'Berglunds snabbköp', 'Christina Berglund', '', 'Administrador de pedidos', 'Berguvsvägen  8', 'Luleå', NULL, 'S-958 22', 'Suecia', '0921-12 34 65', '0921-12 34 67'),
(6, 'BLAUS', 'Blauer See Delikatessen', 'Hanna Moos', '', 'Representante de ventas', 'Forsterstr. 57', 'Mannheim', NULL, '68306', 'Alemania', '0621-08460', '0621-08924'),
(7, 'BLONP', 'Blondel père et fils', 'Frédérique Citeaux', '', 'Gerente de marketing', '24, place Kléber', 'Estrasburgo', NULL, '67000', 'Francia', '88.60.15.31', '88.60.15.32'),
(8, 'BOLID', 'Bólido Comidas preparadas', 'Martín Sommer', '', 'Propietario', 'C/ Araquil, 67', 'Madrid', NULL, '28023', 'España', '(91) 555 22 82', '(91) 555 91 99'),
(9, 'BONAP', 'Bon app\'', 'Laurence Lebihan', '', 'Propietario', '12, rue des Bouchers', 'Marsella', NULL, '13008', 'Francia', '91.24.45.40', '91.24.45.41'),
(10, 'BOTTM', 'Bottom-Dollar Markets', 'Elizabeth Lincoln', '', 'Gerente de contabilidad', '23 Tsawassen Blvd.', 'Tsawassen', 'BC', 'T2F 8M4', 'Canadá', '(604) 555-4729', '(604) 555-3745'),
(11, 'BSBEV', 'B\'s Beverages', 'Victoria Ashworth', '', 'Representante de ventas', 'Fauntleroy Circus', 'Londres', NULL, 'EC2 5NT', 'Reino Unido', '(71) 555-1212', NULL),
(12, 'CACTU', 'Cactus Comidas para llevar', 'Patricio Simpson', '', 'Agente de ventas', 'Cerrito 333', 'Buenos Aires', NULL, '1010', 'Argentina', '(1) 135-5555', '(1) 135-4892'),
(13, 'CENTC', 'Centro comercial Moctezuma', 'Francisco Chang', '', 'Gerente de marketing', 'Sierras de Granada 9993', 'México D.F.', NULL, '05022', 'México', '(5) 555-3392', '(5) 555-7293'),
(14, 'CHOPS', 'Chop-suey Chinese', 'Yang Wang', '', 'Propietario', 'Hauptstr. 29', 'Berna', NULL, '3012', 'Suiza', '0452-076545', NULL),
(15, 'COMMI', 'Comércio Mineiro', 'Pedro Afonso', '', 'Asistente de ventas', 'Av. dos Lusíadas, 23', 'São Paulo', 'SP', '05432-043', 'Brasil', '(11) 555-7647', NULL),
(16, 'CONSH', 'Consolidated Holdings', 'Elizabeth Brown', '', 'Representante de ventas', 'Berkeley Gardens\r\n12  Brewery ', 'Londres', NULL, 'WX1 6LT', 'Reino Unido', '(71) 555-2282', '(71) 555-9199'),
(17, 'DRACD', 'Drachenblut Delikatessen', 'Sven Ottlieb', '', 'Administrador de pedidos', 'Walserweg 21', 'Aachen', NULL, '52066', 'Alemania', '0241-039123', '0241-059428'),
(18, 'DUMON', 'Du monde entier', 'Janine Labrune', '', 'Propietario', '67, rue des Cinquante Otages', 'Nantes', NULL, '44000', 'Francia', '40.67.88.88', '40.67.89.89'),
(19, 'EASTC', 'Eastern Connection', 'Ann Devon', '', 'Agente de ventas', '35 King George', 'Londres', NULL, 'WX3 6FW', 'Reino Unido', '(71) 555-0297', '(71) 555-3373'),
(20, 'ERNSH', 'Ernst Handel', 'Roland Mendel', '', 'Gerente de ventas', 'Kirchgasse 6', 'Graz', NULL, '8010', 'Austria', '7675-3425', '7675-3426'),
(21, 'FAMIA', 'Familia Arquibaldo', 'Aria Cruz', '', 'Asistente de marketing', 'Rua Orós, 92', 'Sao Paulo', 'SP', '05442-030', 'Brasil', '(11) 555-9857', NULL),
(22, 'FISSA', 'FISSA Fabrica Inter. Salchichas S.A.', 'Diego Roel', '', 'Gerente de contabilidad', 'C/ Moralzarzal, 86', 'Madrid', NULL, '28034', 'España', '(91) 555 94 44', '(91) 555 55 93'),
(23, 'FOLIG', 'Folies gourmandes', 'Martine Rancé', '', 'Asistente de agente de ventas', '184, chaussée de Tournai', 'Lille', NULL, '59000', 'Francia', '20.16.10.16', '20.16.10.17'),
(24, 'FOLKO', 'Folk och fä HB', 'Maria Larsson', '', 'Propietario', 'Åkergatan 24', 'Bräcke', NULL, 'S-844 67', 'Suecia', '0695-34 67 21', NULL),
(25, 'FRANK', 'Frankenversand', 'Peter Franken', '', 'Gerente de marketing', 'Berliner Platz 43', 'München', NULL, '80805', 'Alemania', '089-0877310', '089-0877451'),
(26, 'FRANR', 'France restauration', 'Carine Schmitt', '', 'Gerente de marketing', '54, rue Royale', 'Nantes', NULL, '44000', 'Francia', '40.32.21.21', '40.32.21.20'),
(27, 'FRANS', 'Franchi S.p.A.', 'Paolo Accorti', '', 'Representante de ventas', 'Via Monte Bianco 34', 'Torino', NULL, '10100', 'Italia', '011-4988260', '011-4988261'),
(28, 'FURIB', 'Furia Bacalhau e Frutos do Mar', 'Lino Rodriguez ', '', 'Gerente de ventas', 'Jardim das rosas n. 32', 'Lisboa', NULL, '1675', 'Portugal', '(1) 354-2534', '(1) 354-2535'),
(29, 'GALED', 'Galería del gastrónomo', 'Eduardo Saavedra', '', 'Gerente de marketing', 'Rambla de Cataluña, 23', 'Barcelona', NULL, '08022', 'España', '(93) 203 4560', '(93) 203 4561'),
(30, 'GODOS', 'Godos Cocina Típica', 'José Pedro Freyre', '', 'Gerente de ventas', 'C/ Romero, 33', 'Sevilla', NULL, '41101', 'España', '(95) 555 82 82', NULL),
(31, 'GOURL', 'Gourmet Lanchonetes', 'André Fonseca', '', 'Asistente de ventas', 'Av. Brasil, 442', 'Campinas', 'SP', '04876-786', 'Brasil', '(11) 555-9482', NULL),
(32, 'GREAL', 'Great Lakes Food Market', 'Howard Snyder', '', 'Gerente de marketing', '2732 Baker Blvd.', 'Eugenia', 'OR', '97403', 'Estados Unidos', '(503) 555-7555', NULL),
(33, 'GROSR', 'GROSELLA-Restaurante', 'Manuel Pereira', '', 'Propietario', '5ª Ave. Los Palos Grandes', 'Caracas', 'DF', '1081', 'Venezuela', '(2) 283-2951', '(2) 283-3397'),
(34, 'HANAR', 'Hanari Carnes', 'Mario Pontes', '', 'Gerente de contabilidad', 'Rua do Paço, 67', 'Rio de Janeiro', 'RJ', '05454-876', 'Brasil', '(21) 555-0091', '(21) 555-8765'),
(35, 'HILAA', 'HILARIÓN-Abastos', 'Carlos Hernández', '', 'Representante de ventas', 'Carrera 22 con Ave. Carlos Soublette #8-35', 'San Cristóbal', 'Táchira', '5022', 'Venezuela', '(5) 555-1340', '(5) 555-1948'),
(36, 'HUNGC', 'Hungry Coyote Import Store', 'Yoshi Latimer', '', 'Representante de ventas', 'City Center Plaza\r\n516 Main St.', 'Elgin', 'OR', '97827', 'Estados Unidos', '(503) 555-6874', '(503) 555-2376'),
(37, 'HUNGO', 'Hungry Owl All-Night Grocers', 'Patricia McKenna', '', 'Asistente de ventas', '8 Johnstown Road', 'Cork', 'Co. Cork', '', 'Irlanda', '2967 542', '2967 3333'),
(38, 'ISLAT', 'Island Trading', 'Helen Bennett', '', 'Gerente de marketing', 'Garden House\r\nCrowther Way', 'Cowes', 'Isla de Wight', 'PO31 7PJ', 'Reino Unido', '(198) 555-8888', NULL),
(39, 'KOENE', 'Königlich Essen', 'Philip Cramer', '', 'Asistente de ventas', 'Maubelstr. 90', 'Brandenburgo', NULL, '14776', 'Alemania', '0555-09876', NULL),
(40, 'LACOR', 'La corne d\'abondance', 'Daniel Tonini', '', 'Representante de ventas', '67, avenue de l\'Europe', 'Versalles', NULL, '78000', 'Francia', '30.59.84.10', '30.59.85.11'),
(41, 'LAMAI', 'La maison d\'Asie', 'Annette Roulet', '', 'Gerente de ventas', '1 rue Alsace-Lorraine', 'Toulouse', NULL, '31000', 'Francia', '61.77.61.10', '61.77.61.11'),
(42, 'LAUGB', 'Laughing Bacchus Wine Cellars', 'Yoshi Tannamuri', '', 'Asistente de marketing', '1900 Oak St.', 'Vancouver', 'BC', 'V3F 2K1', 'Canadá', '(604) 555-3392', '(604) 555-7293'),
(43, 'LAZYK', 'Lazy K Kountry Store', 'John Steel', '', 'Gerente de marketing', '12 Orchestra Terrace', 'Walla Walla', 'WA', '99362', 'Estados Unidos', '(509) 555-7969', '(509) 555-6221'),
(44, 'LEHMS', 'Lehmanns Marktstand', 'Renate Messner', '', 'Representante de ventas', 'Magazinweg 7', 'Francfurt', NULL, '60528', 'Alemania', '069-0245984', '069-0245874'),
(45, 'LETSS', 'Let\'s Stop N Shop', 'Jaime Yorres', '', 'Propietario', '87 Polk St.\r\nSuite 5', 'San Francisco', 'CA', '94117', 'Estados Unidos', '(415) 555-5938', NULL),
(46, 'LILAS', 'LILA-Supermercado', 'Carlos González', '', 'Gerente de contabilidad', 'Carrera 52 con Ave. Bolívar #65-98 Llano Largo', 'Barquisimeto', 'Lara', '3508', 'Venezuela', '(9) 331-6954', '(9) 331-7256'),
(47, 'LINOD', 'LINO-Delicateses', 'Felipe Izquierdo', '', 'Propietario', 'Ave. 5 de Mayo Porlamar', 'I. de Margarita', 'Nueva Esparta', '4980', 'Venezuela', '(8) 34-56-12', '(8) 34-93-93'),
(48, 'LONEP', 'Lonesome Pine Restaurant', 'Fran Wilson', '', 'Gerente de ventas', '89 Chiaroscuro Rd.', 'Portland', 'OR', '97219', 'Estados Unidos', '(503) 555-9573', '(503) 555-9646'),
(49, 'MAGAA', 'Magazzini Alimentari Riuniti', 'Giovanni Rovelli', '', 'Gerente de marketing', 'Via Ludovico il Moro 22', 'Bérgamo', NULL, '24100', 'Italia', '035-640230', '035-640231'),
(50, 'MAISD', 'Maison Dewey', 'Catherine Dewey', '', 'Agente de ventas', 'Rue Joseph-Bens 532', 'Bruselas', NULL, 'B-1180', 'Bélgica', '(02) 201 24 67', '(02) 201 24 68'),
(51, 'MEREP', 'Mère Paillarde', 'Jean Fresnière', '', 'Asistente de marketing', '43 rue St. Laurent', 'Montreal', 'Québec', 'H1J 1C3', 'Canadá', '(514) 555-8054', '(514) 555-8055'),
(52, 'MORGK', 'Morgenstern Gesundkost', 'Alexander Feuer', '', 'Asistente de marketing', 'Heerstr. 22', 'Leipzig', NULL, '04179', 'Alemania', '0342-023176', NULL),
(53, 'NORTS', 'North/South', 'Simon Crowther', '', 'Asistente de ventas', 'South House\r\n300 Queensbridge', 'Londres', NULL, 'SW7 1RZ', 'Reino Unido', '(71) 555-7733', '(71) 555-2530'),
(54, 'OCEAN', 'Océano Atlántico Ltda.', 'Yvonne Moncada', '', 'Agente de ventas', 'Ing. Gustavo Moncada 8585\r\nPiso 20-A', 'Buenos Aires', NULL, '1010', 'Argentina', '(1) 135-5333', '(1) 135-5535'),
(55, 'OLDWO', 'Old World Delicatessen', 'Rene Phillips', '', 'Representante de ventas', '2743 Bering St.', 'Anchorage', 'AK', '99508', 'Estados Unidos', '(907) 555-7584', '(907) 555-2880'),
(56, 'OTTIK', 'Ottilies Käseladen', 'Henriette Pfalzheim', '', 'Propietario', 'Mehrheimerstr. 369', 'Köln', NULL, '50739', 'Alemania', '0221-0644327', '0221-0765721'),
(57, 'PARIS', 'Paris spécialités', 'Marie Bertrand', '', 'Propietario', '265, boulevard Charonne', 'París', NULL, '75012', 'Francia', '(1) 42.34.22.66', '(1) 42.34.22.77'),
(58, 'PERIC', 'Pericles Comidas clásicas', 'Guillermo Fernández', '', 'Representante de ventas', 'Calle Dr. Jorge Cash 321', 'México D.F.', NULL, '05033', 'México', '(5) 552-3745', '(5) 545-3745'),
(59, 'PICCO', 'Piccolo und mehr', 'Georg Pipps', '', 'Gerente de ventas', 'Geislweg 14', 'Salzburgo', NULL, '5020', 'Austria', '6562-9722', '6562-9723'),
(60, 'PRINI', 'Princesa Isabel Vinhos', 'Isabel de Castro', '', 'Representante de ventas', 'Estrada da saúde n. 58', 'Lisboa', NULL, '1756', 'Portugal', '(1) 356-5634', NULL),
(61, 'QUEDE', 'Que Delícia', 'Bernardo Batista', '', 'Gerente de contabilidad', 'Rua da Panificadora, 12', 'Rio de Janeiro', 'RJ', '02389-673', 'Brasil', '(21) 555-4252', '(21) 555-4545'),
(62, 'QUEEN', 'Queen Cozinha', 'Lúcia Carvalho', '', 'Asistente de marketing', 'Alameda dos Canàrios, 891', 'Sao Paulo', 'SP', '05487-020', 'Brasil', '(11) 555-1189', NULL),
(63, 'QUICK', 'QUICK-Stop', 'Horst Kloss', '', 'Gerente de contabilidad', 'Taucherstraße 10', 'Cunewalde', NULL, '01307', 'Alemania', '0372-035188', NULL),
(64, 'RANCH', 'Rancho grande', 'Sergio Gutiérrez', '', 'Representante de ventas', 'Av. del Libertador 900', 'Buenos Aires', NULL, '1010', 'Argentina', '(1) 123-5555', '(1) 123-5556'),
(65, 'RATTC', 'Rattlesnake Canyon Grocery', 'Paula Wilson', '', 'Representante agente ventas', '2817 Milton Dr.', 'Albuquerque', 'NM', '87110', 'Estados Unidos', '(505) 555-5939', '(505) 555-3620'),
(66, 'REGGC', 'Reggiani Caseifici', 'Maurizio Moroni', '', 'Asistente de ventas', 'Strada Provinciale 124', 'Reggio Emilia', NULL, '42100', 'Italia', '0522-556721', '0522-556722'),
(67, 'RICAR', 'Ricardo Adocicados', 'Janete Limeira', '', 'Asistente de agente de ventas', 'Av. Copacabana, 267', 'Rio de Janeiro', 'RJ', '02389-890', 'Brasil', '(21) 555-3412', NULL),
(68, 'RICSU', 'Richter Supermarkt', 'Michael Holz', '', 'Gerente de ventas', 'Grenzacherweg 237', 'Génova', NULL, '1203', 'Suiza', '0897-034214', NULL),
(69, 'ROMEY', 'Romero y tomillo', 'Alejandra Camino', '', 'Gerente de contabilidad', 'Gran Vía, 1', 'Madrid', NULL, '28001', 'España', '(91) 745 6200', '(91) 745 6210'),
(70, 'SANTG', 'Santé Gourmet', 'Jonas Bergulfsen', '', 'Propietario', 'Erling Skakkes gate 78', 'Stavern', NULL, '4110', 'Noruega', '07-98 92 35', '07-98 92 47'),
(71, 'SAVEA', 'Save-a-lot Markets', 'Jose Pavarotti', '', 'Representante de ventas', '187 Suffolk Ln.', 'Boise', 'ID', '83720', 'Estados Unidos', '(208) 555-8097', NULL),
(72, 'SEVES', 'Seven Seas Imports', 'Hari Kumar', '', 'Gerente de ventas', '90 Wadhurst Rd.', 'Londres', NULL, 'OX15 4NB', 'Reino Unido', '(71) 555-1717', '(71) 555-5646'),
(73, 'SIMOB', 'Simons bistro', 'Jytte Petersen', '', 'Propietario', 'Vinbæltet 34', 'København', NULL, '1734', 'Dinamarca', '31 12 34 56', '31 13 35 57'),
(74, 'SPECD', 'Spécialités du monde', 'Dominique Perrier', '', 'Gerente de marketing', '25, rue Lauriston', 'París', NULL, '75016', 'Francia', '(1) 47.55.60.10', '(1) 47.55.60.20'),
(75, 'SPLIR', 'Split Rail Beer & Ale', 'Art Braunschweiger', '', 'Gerente de ventas', 'P.O. Box 555', 'Lander', 'WY', '82520', 'Estados Unidos', '(307) 555-4680', '(307) 555-6525'),
(76, 'SUPRD', 'Suprêmes délices', 'Pascale Cartrain', '', 'Gerente de contabilidad', 'Boulevard Tirou, 255', 'Charleroi', NULL, 'B-6000', 'Bélgica', '(071) 23 67 22 20', '(071) 23 67 22 21'),
(77, 'THEBI', 'The Big Cheese', 'Liz Nixon', '', 'Gerente de marketing', '89 Jefferson Way\r\nSuite 2', 'Portland', 'OR', '97201', 'Estados Unidos', '(503) 555-3612', NULL),
(78, 'THECR', 'The Cracker Box', 'Liu Wong', '', 'Asistente de marketing', '55 Grizzly Peak Rd.', 'Butte', 'MT', '59801', 'Estados Unidos', '(406) 555-5834', '(406) 555-8083'),
(79, 'TOMSP', 'Toms Spezialitäten', 'Karin Josephs', '', 'Gerente de marketing', 'Luisenstr. 48', 'Münster', NULL, '44087', 'Alemania', '0251-031259', '0251-035695'),
(80, 'TORTU', 'Tortuga Restaurante', 'Miguel Angel Paolino', '', 'Propietario', 'Avda. Azteca 123', 'México D.F.', NULL, '05033', 'México', '(5) 555-2933', NULL),
(81, 'TRADH', 'Tradição Hipermercados', 'Anabela Domingues', '', 'Representante de ventas', 'Av. Inês de Castro, 414', 'Sao Paulo', 'SP', '05634-030', 'Brasil', '(11) 555-2167', '(11) 555-2168'),
(82, 'TRAIH', 'Trail\'s Head Gourmet Provisioners', 'Helvetius Nagy', '', 'Asistente de ventas', '722 DaVinci Blvd.', 'Kirkland', 'WA', '98034', 'Estados Unidos', '(206) 555-8257', '(206) 555-2174'),
(83, 'VAFFE', 'Vaffeljernet', 'Palle Ibsen', '', 'Gerente de ventas', 'Smagsløget 45', 'Århus', NULL, '8200', 'Dinamarca', '86 21 32 43', '86 22 33 44'),
(84, 'VICTE', 'Victuailles en stock', 'Mary Saveley', '', 'Agente de ventas', '2, rue du Commerce', 'Lion', NULL, '69004', 'Francia', '78.32.54.86', '78.32.54.87'),
(85, 'VINET', 'Vins et alcools Chevalier', 'Paul Henriot', '', 'Gerente de contabilidad', '59 rue de l\'Abbaye', 'Reims', NULL, '51100', 'Francia', '26.47.15.10', '26.47.15.11'),
(86, 'WANDK', 'Die Wandernde Kuh', 'Rita Müller', '', 'Representante de ventas', 'Adenauerallee 900', 'Stuttgart', NULL, '70563', 'Alemania', '0711-020361', '0711-035428'),
(87, 'WARTH', 'Wartian Herkku', 'Pirkko Koskitalo', '', 'Gerente de contabilidad', 'Torikatu 38', 'Oulu', NULL, '90110', 'Finlandia', '981-443655', '981-443655'),
(88, 'WELLI', 'Wellington Importadora', 'Paula Parente', '', 'Gerente de ventas', 'Rua do Mercado, 12', 'Resende', 'SP', '08737-363', 'Brasil', '(14) 555-8122', NULL),
(89, 'WHITC', 'White Clover Markets', 'Karl Jablonski', '', 'Propietario', '305 - 14th Ave. S.\r\nSuite 3B', 'Seattle', 'WA', '98128', 'Estados Unidos', '(206) 555-4112', '(206) 555-4115'),
(90, 'WILMK', 'Wilman Kala', 'Matti Karttunen', '', 'Prop./Asistente marketing', 'Keskuskatu 45', 'Helsinki', NULL, '21240', 'Finlandia', '90-224 8858', '90-224 8858'),
(91, 'WOLZA', 'Wolski  Zajazd', 'Zbyszek Piestrzeniewicz', '', 'Propietario', 'ul. Filtrowa 68', 'Warszawa', NULL, '01-012', 'Polonia', '(26) 642-7012', '(26) 642-7012');

-- --------------------------------------------------------

--
-- Estructura de tabla para la tabla `empleados`
--

CREATE TABLE `empleados` (
  `idempleado` int(11) NOT NULL,
  `apellidos` varchar(20) NOT NULL,
  `nombres` varchar(10) NOT NULL,
  `cargo` varchar(30) DEFAULT NULL,
  `tratamiento` varchar(25) DEFAULT NULL,
  `fechanacimiento` datetime DEFAULT NULL,
  `fechacontratacion` datetime DEFAULT NULL,
  `direccion` varchar(60) DEFAULT NULL,
  `ciudad` varchar(15) DEFAULT NULL,
  `usuario` varchar(15) DEFAULT NULL,
  `codigopostal` varchar(10) DEFAULT NULL,
  `pais` varchar(15) DEFAULT NULL,
  `telefono` varchar(24) DEFAULT NULL,
  `clave` varchar(4) DEFAULT NULL,
  `foto` tinytext DEFAULT NULL,
  `jefe` int(11) DEFAULT NULL
) ENGINE=MyISAM DEFAULT CHARSET=utf8;

--
-- Volcado de datos para la tabla `empleados`
--

INSERT INTO `empleados` (`idempleado`, `apellidos`, `nombres`, `cargo`, `tratamiento`, `fechanacimiento`, `fechacontratacion`, `direccion`, `ciudad`, `usuario`, `codigopostal`, `pais`, `telefono`, `clave`, `foto`, `jefe`) VALUES
(1, 'Davolio', 'Nancy', 'Representante de ventas', 'Srta.', '1968-12-08 00:00:00', '1992-05-01 00:00:00', '507 - 20th Ave. E.Apt. 2A', 'Seattle', 'nandav', '98122', 'EE.UU.', '(206) 555-9857', '5467', 'nancy.jpg', 2),
(2, 'Fuller', 'Andrew', 'Vicepresidente comercial', 'Dr.', '1952-02-19 00:00:00', '1992-08-14 00:00:00', '908 W. Capital Way', 'Tacoma', 'andful', '98401', 'EE.UU.', '(206) 555-9482', '3457', 'andrew.jpg', NULL),
(3, 'Leverling', 'Janet', 'Representante de ventas', 'Srta.', '1963-08-30 00:00:00', '1992-04-01 00:00:00', '722 Moss Bay Blvd.', 'Kirkland', 'janlev', '98033', 'EE.UU.', '(206) 555-3412', '3355', 'janet.jpg', 2),
(4, 'Peacock', 'Margaret', 'Representante de ventas', 'Sra.', '1958-09-19 00:00:00', '1993-05-03 00:00:00', '4110 Old Redmond Rd.', 'Redmond', 'marpea', '98052', 'EE.UU.', '(206) 555-8122', '5176', 'margaret.jpg', 2),
(5, 'Buchanan', 'Steven', 'Gerente de ventas', 'Sr.', '1955-03-04 00:00:00', '1993-10-17 00:00:00', '14 Garrett Hill', 'Londres', 'stebuc', 'SW1 8JR', 'Reino Unido', '(71) 555-4848', '3453', 'steven.jpg', 2),
(6, 'Suyama', 'Michael', 'Representante de ventas', 'Sr.', '1963-07-02 00:00:00', '1993-10-17 00:00:00', 'Coventry HouseMiner Rd.', 'Londres', 'micsuy', 'EC2 7JR', 'Reino Unido', '(71) 555-7773', '428', 'michael.jpg', 5),
(7, 'King', 'Robert', 'Representante de ventas', 'Sr.', '1960-05-29 00:00:00', '1994-01-02 00:00:00', 'Edgeham HollowWinchester Way', 'Londres', 'robkin', 'RG1 9SP', 'Reino Unido', '(71) 555-5598', '465', 'robert.jpg', 5),
(8, 'Callahan', 'Laura', 'Coordinador ventas interno', 'Srta.', '1958-01-09 00:00:00', '1994-03-05 00:00:00', '4726 - 11th Ave. N.E.', 'Seattle', 'laucal', '98105', 'EE.UU.', '(206) 555-1189', '2344', 'laura.jpg', 2),
(9, 'Dodsworth', 'Anne', 'Representante de ventas', 'Srta.', '1969-07-02 00:00:00', '1994-11-15 00:00:00', '7 Houndstooth Rd.', 'Londres', 'anndod', 'WG2 7LT', 'Reino Unido', '(71) 555-4444', '452', 'anne.jpg', 5),
(10, 'Internet', 'Página Web', NULL, NULL, NULL, NULL, NULL, NULL, NULL, NULL, NULL, NULL, NULL, NULL, NULL);

-- --------------------------------------------------------

--
-- Estructura de tabla para la tabla `empresasenvios`
--

CREATE TABLE `empresasenvios` (
  `idempresaenvio` int(11) NOT NULL,
  `nombre` varchar(40) NOT NULL,
  `telefono` varchar(24) DEFAULT NULL
) ENGINE=MyISAM DEFAULT CHARSET=utf8;

--
-- Volcado de datos para la tabla `empresasenvios`
--

INSERT INTO `empresasenvios` (`idempresaenvio`, `nombre`, `telefono`) VALUES
(1, 'Speedy Express', '(503) 555-9831'),
(2, 'United Packages', '(503) 555-3199'),
(3, 'Federal Shipping', '(503) 555-9931');

-- --------------------------------------------------------

--
-- Estructura de tabla para la tabla `galeria`
--

CREATE TABLE `galeria` (
  `idpelicula` int(11) NOT NULL,
  `actor` varchar(100) NOT NULL,
  `periodo` varchar(100) NOT NULL,
  `foto` varchar(100) NOT NULL,
  `descripcion` text NOT NULL
) ENGINE=MyISAM DEFAULT CHARSET=utf8;

--
-- Volcado de datos para la tabla `galeria`
--

INSERT INTO `galeria` (`idpelicula`, `actor`, `periodo`, `foto`, `descripcion`) VALUES
(1, 'Silvestre Stallone', '1996', 'silvestre.jpg', 'Lorem Ipsum is simply dummy text of the printing and typesetting industry. Lorem Ipsum has been the industry\'s standard dummy text ever since the 1500s, when an unknown printer took a galley of type and scrambled it to make a type specimen book. It has survived not only five centuries, but also the leap into electronic typesetting, remaining essentially unchanged. It was popularised in the 1960s with the release of Letraset sheets containing Lorem Ipsum passages, and more recently with desktop publishing software like Aldus PageMaker including versions of Lorem Ipsum.');

-- --------------------------------------------------------

--
-- Estructura de tabla para la tabla `noticias`
--

CREATE TABLE `noticias` (
  `idnoticia` int(11) NOT NULL,
  `fecha` datetime NOT NULL,
  `titulo` varchar(50) NOT NULL,
  `volanta` varchar(200) NOT NULL,
  `contenido` varchar(1000) NOT NULL,
  `bajada` varchar(200) NOT NULL,
  `fuente` varchar(50) NOT NULL
) ENGINE=MyISAM DEFAULT CHARSET=utf8;

--
-- Volcado de datos para la tabla `noticias`
--

INSERT INTO `noticias` (`idnoticia`, `fecha`, `titulo`, `volanta`, `contenido`, `bajada`, `fuente`) VALUES
(1, '2008-06-02 18:05:49', 'Perú se blindará antes del choque que sostendrá co', 'Aún hay esperanzas', 'La selección peruana llegará a Montevideo y de inmediato será custodiada por doce efectivos de la Policía Nacional de Uruguay, tal como fue solicitado por la dirigencia del combinado blanquirrojo, que teme que el empate que obtuvieron los celestes con Venezuela motive a sus hinchas a tomar algún tipo de medida amedrentadora.', 'La selección rojiblanca será custodiada por un fuerte contingente policial durante su estadía en Montevideo', 'El Comercio'),
(2, '2008-06-05 18:07:43', '\'Ojalá le podamos dar a los padres la alegría que ', 'Por el dia del Padre', 'El mensaje de Nolberto Solano da esperanzas. En pleno día del padre, cuando todos esperaban un tibio saludo del capitán de la selección, Ñol lanzó algoq ue suena a promesa: \"A todos los padres, que pasen un buen día y ojalá les podamos dar una alegría el día martes, ya que no se la pudimos dar ayer\".', 'Solano espera que contra Uruguay, Perú levante cabeza siguiendo la receta de Venezuela', 'Agencia EFE');

-- --------------------------------------------------------

--
-- Estructura de tabla para la tabla `pedidos`
--

CREATE TABLE `pedidos` (
  `idpedido` int(11) NOT NULL,
  `idempleado` int(11) DEFAULT NULL,
  `fechapedido` datetime DEFAULT NULL,
  `fechaentrega` datetime DEFAULT NULL,
  `fechaenvio` datetime DEFAULT NULL,
  `idempresaenvio` int(11) DEFAULT NULL,
  `cargo` decimal(19,4) DEFAULT NULL,
  `destinatario` varchar(40) DEFAULT NULL,
  `direcciondestinatario` varchar(60) DEFAULT NULL,
  `ciudaddestinatario` varchar(15) DEFAULT NULL,
  `regiondestinatario` varchar(15) DEFAULT NULL,
  `codigopostaldestinatario` varchar(10) DEFAULT NULL,
  `paisdestinatario` varchar(15) DEFAULT NULL,
  `idcliente` int(11) NOT NULL
) ENGINE=MyISAM DEFAULT CHARSET=utf8;

--
-- Volcado de datos para la tabla `pedidos`
--

INSERT INTO `pedidos` (`idpedido`, `idempleado`, `fechapedido`, `fechaentrega`, `fechaenvio`, `idempresaenvio`, `cargo`, `destinatario`, `direcciondestinatario`, `ciudaddestinatario`, `regiondestinatario`, `codigopostaldestinatario`, `paisdestinatario`, `idcliente`) VALUES
(10248, 5, '1996-07-04 00:00:00', '1996-08-01 00:00:00', '1996-07-16 00:00:00', 3, '32.3800', 'Wilman Kala', 'Keskuskatu 45', 'Helsinki', NULL, '21240', 'Finlandia', 37),
(10249, 6, '1996-07-05 00:00:00', '1996-08-16 00:00:00', '1996-07-10 00:00:00', 1, '11.6100', 'Toms Spezialitäten', 'Luisenstr. 48', 'Münster', NULL, '44087', 'Alemania', 2),
(10250, 4, '1996-07-08 00:00:00', '1996-08-05 00:00:00', '1996-07-12 00:00:00', 2, '65.8300', 'Hanari Carnes', 'Rua do Paço, 67', 'Río de Janeiro', 'RJ', '05454-876', 'Brasil', 84),
(10251, 3, '1996-07-08 00:00:00', '1996-08-05 00:00:00', '1996-07-15 00:00:00', 1, '41.3400', 'Victuailles en stock', '2, rue du Commerce', 'Lyon', NULL, '69004', 'Francia', 48),
(10252, 4, '1996-07-09 00:00:00', '1996-08-06 00:00:00', '1996-07-11 00:00:00', 2, '51.3000', 'Suprêmes délices', 'Boulevard Tirou, 255', 'Charleroi', NULL, 'B-6000', 'Bélgica', 79),
(10253, 3, '1996-07-10 00:00:00', '1996-07-24 00:00:00', '1996-07-16 00:00:00', 2, '58.1700', 'Hanari Carnes', 'Rua do Paço, 67', 'Río de Janeiro', 'RJ', '05454-876', 'Brasil', 71),
(10254, 5, '1996-07-11 00:00:00', '1996-08-08 00:00:00', '1996-07-23 00:00:00', 2, '22.9800', 'Chop-suey Chinese', 'Hauptstr. 31', 'Bern', NULL, '3012', 'Suiza', 27),
(10255, 9, '1996-07-12 00:00:00', '1996-08-09 00:00:00', '1996-07-15 00:00:00', 3, '148.3300', 'Richter Supermarkt', 'Starenweg 5', 'Genève', NULL, '1204', 'Suiza', 13),
(10256, 3, '1996-07-15 00:00:00', '1996-08-12 00:00:00', '1996-07-17 00:00:00', 2, '13.9700', 'Wellington Importadora', 'Rua do Mercado, 12', 'Resende', 'SP', '08737-363', 'Brasil', 73),
(10257, 4, '1996-07-16 00:00:00', '1996-08-13 00:00:00', '1996-07-22 00:00:00', 3, '81.9100', 'HILARIÓN-Abastos', 'Carrera 22 con Ave. Carlos Soublette #8-35', 'San Cristóbal', 'Táchira', '5022', 'Venezuela', 52),
(10258, 1, '1996-07-17 00:00:00', '1996-08-14 00:00:00', '1996-07-23 00:00:00', 1, '140.5100', 'Ernst Handel', 'Kirchgasse 6', 'Graz', NULL, '8010', 'Austria', 42),
(10259, 4, '1996-07-18 00:00:00', '1996-08-15 00:00:00', '1996-07-25 00:00:00', 3, '3.2500', 'Centro comercial Moctezuma', 'Sierras de Granada 9993', 'México D.F.', NULL, '05022', 'México', 56),
(10260, 4, '1996-07-19 00:00:00', '1996-08-16 00:00:00', '1996-07-29 00:00:00', 1, '55.0900', 'Ottilies Käseladen', 'Mehrheimerstr. 369', 'Köln', NULL, '50739', 'Alemania', 63),
(10261, 4, '1996-07-19 00:00:00', '1996-08-16 00:00:00', '1996-07-30 00:00:00', 2, '3.0500', 'Que Delícia', 'Rua da Panificadora, 12', 'Río de Janeiro', 'RJ', '02389-673', 'Brasil', 53),
(10262, 8, '1996-07-22 00:00:00', '1996-08-19 00:00:00', '1996-07-25 00:00:00', 3, '48.2900', 'Rattlesnake Canyon Grocery', '2817 Milton Dr.', 'Albuquerque', 'NM', '87110', 'Estados Unidos', 79),
(10263, 9, '1996-07-23 00:00:00', '1996-08-20 00:00:00', '1996-07-31 00:00:00', 3, '146.0600', 'Ernst Handel', 'Kirchgasse 6', 'Graz', NULL, '8010', 'Austria', 52),
(10264, 6, '1996-07-24 00:00:00', '1996-08-21 00:00:00', '1996-08-23 00:00:00', 3, '3.6700', 'Folk och fä HB', 'Åkergatan 24', 'Bräcke', NULL, 'S-844 67', 'Suecia', 25),
(10265, 2, '1996-07-25 00:00:00', '1996-08-22 00:00:00', '1996-08-12 00:00:00', 1, '55.2800', 'Blondel père et fils', '24, place Kléber', 'Strasbourg', NULL, '67000', 'Francia', 58),
(10266, 3, '1996-07-26 00:00:00', '1996-09-06 00:00:00', '1996-07-31 00:00:00', 3, '25.7300', 'Wartian Herkku', 'Torikatu 38', 'Oulu', NULL, '90110', 'Finlandia', 33),
(10267, 4, '1996-07-29 00:00:00', '1996-08-26 00:00:00', '1996-08-06 00:00:00', 1, '208.5800', 'Frankenversand', 'Berliner Platz 43', 'München', NULL, '80805', 'Alemania', 81),
(10268, 8, '1996-07-30 00:00:00', '1996-08-27 00:00:00', '1996-08-02 00:00:00', 3, '66.2900', 'GROSELLA-Restaurante', '5ª Ave. Los Palos Grandes', 'Caracas', 'DF', '1081', 'Venezuela', 36),
(10269, 5, '1996-07-31 00:00:00', '1996-08-14 00:00:00', '1996-08-09 00:00:00', 1, '4.5600', 'White Clover Markets', '1029 - 12th Ave. S.', 'Seattle', 'WA', '98124', 'Estados Unidos', 26),
(10270, 1, '1996-08-01 00:00:00', '1996-08-29 00:00:00', '1996-08-02 00:00:00', 1, '136.5400', 'Wartian Herkku', 'Torikatu 38', 'Oulu', NULL, '90110', 'Finlandia', 22),
(10271, 6, '1996-08-01 00:00:00', '1996-08-29 00:00:00', '1996-08-30 00:00:00', 2, '4.5400', 'Split Rail Beer & Ale', 'P.O. Box 555', 'Lander', 'WY', '82520', 'Estados Unidos', 33),
(10272, 6, '1996-08-02 00:00:00', '1996-08-30 00:00:00', '1996-08-06 00:00:00', 2, '98.0300', 'Rattlesnake Canyon Grocery', '2817 Milton Dr.', 'Albuquerque', 'NM', '87110', 'Estados Unidos', 8),
(10273, 3, '1996-08-05 00:00:00', '1996-09-02 00:00:00', '1996-08-12 00:00:00', 3, '76.0700', 'QUICK-Stop', 'Taucherstraße 10', 'Cunewalde', NULL, '01307', 'Alemania', 31),
(10274, 6, '1996-08-06 00:00:00', '1996-09-03 00:00:00', '1996-08-16 00:00:00', 1, '6.0100', 'Vins et alcools Chevalier', '59 rue de l\'Abbaye', 'Reims', NULL, '51100', 'Francia', 40),
(10275, 1, '1996-08-07 00:00:00', '1996-09-04 00:00:00', '1996-08-09 00:00:00', 1, '26.9300', 'Magazzini Alimentari Riuniti', 'Via Ludovico il Moro 22', 'Bérgamo', NULL, '24100', 'Italia', 16),
(10276, 8, '1996-08-08 00:00:00', '1996-08-22 00:00:00', '1996-08-14 00:00:00', 3, '13.8400', 'Tortuga Restaurante', 'Avda. Azteca 123', 'México D.F.', NULL, '05033', 'México', 52),
(10277, 2, '1996-08-09 00:00:00', '1996-09-06 00:00:00', '1996-08-13 00:00:00', 3, '125.7700', 'Morgenstern Gesundkost', 'Heerstr. 22', 'Leipzig', NULL, '04179', 'Alemania', 28),
(10278, 8, '1996-08-12 00:00:00', '1996-09-09 00:00:00', '1996-08-16 00:00:00', 2, '92.6900', 'Berglunds snabbköp', 'Berguvsvägen  8', 'Luleå', NULL, 'S-958 22', 'Suecia', 75),
(10279, 8, '1996-08-13 00:00:00', '1996-09-10 00:00:00', '1996-08-16 00:00:00', 2, '25.8300', 'Lehmanns Marktstand', 'Magazinweg 7', 'Frankfurt a.M. ', NULL, '60528', 'Alemania', 17),
(10280, 2, '1996-08-14 00:00:00', '1996-09-11 00:00:00', '1996-09-12 00:00:00', 1, '8.9800', 'Berglunds snabbköp', 'Berguvsvägen  8', 'Luleå', NULL, 'S-958 22', 'Suecia', 45),
(10281, 4, '1996-08-14 00:00:00', '1996-08-28 00:00:00', '1996-08-21 00:00:00', 1, '2.9400', 'Romero y tomillo', 'Gran Vía, 1', 'Madrid', NULL, '28001', 'España', 82),
(10282, 4, '1996-08-15 00:00:00', '1996-09-12 00:00:00', '1996-08-21 00:00:00', 1, '12.6900', 'Romero y tomillo', 'Gran Vía, 1', 'Madrid', NULL, '28001', 'España', 1),
(10283, 3, '1996-08-16 00:00:00', '1996-09-13 00:00:00', '1996-08-23 00:00:00', 3, '84.8100', 'LILA-Supermercado', 'Carrera 52 con Ave. Bolívar #65-98 Llano Largo', 'Barquisimeto', 'Lara', '3508', 'Venezuela', 33),
(10284, 4, '1996-08-19 00:00:00', '1996-09-16 00:00:00', '1996-08-27 00:00:00', 1, '76.5600', 'Lehmanns Marktstand', 'Magazinweg 7', 'Frankfurt a.M. ', NULL, '60528', 'Alemania', 70),
(10285, 1, '1996-08-20 00:00:00', '1996-09-17 00:00:00', '1996-08-26 00:00:00', 2, '76.8300', 'QUICK-Stop', 'Taucherstraße 10', 'Cunewalde', NULL, '01307', 'Alemania', 68),
(10286, 8, '1996-08-21 00:00:00', '1996-09-18 00:00:00', '1996-08-30 00:00:00', 3, '229.2400', 'QUICK-Stop', 'Taucherstraße 10', 'Cunewalde', NULL, '01307', 'Alemania', 42),
(10287, 8, '1996-08-22 00:00:00', '1996-09-19 00:00:00', '1996-08-28 00:00:00', 3, '12.7600', 'Ricardo Adocicados', 'Av. Copacabana, 267', 'Río de Janeiro', 'RJ', '02389-890', 'Brasil', 3),
(10288, 4, '1996-08-23 00:00:00', '1996-09-20 00:00:00', '1996-09-03 00:00:00', 1, '7.4500', 'Reggiani Caseifici', 'Strada Provinciale 124', 'Reggio Emilia', NULL, '42100', 'Italia', 72),
(10289, 7, '1996-08-26 00:00:00', '1996-09-23 00:00:00', '1996-08-28 00:00:00', 3, '22.7700', 'B\'s Beverages', 'Fauntleroy Circus', 'London', NULL, 'EC2 5NT', 'Reino Unido', 77),
(10290, 8, '1996-08-27 00:00:00', '1996-09-24 00:00:00', '1996-09-03 00:00:00', 1, '79.7000', 'Comércio Mineiro', 'Av. dos Lusíadas, 23', 'São Paulo', 'SP', '05432-043', 'Brasil', 77),
(10291, 6, '1996-08-27 00:00:00', '1996-09-24 00:00:00', '1996-09-04 00:00:00', 2, '6.4000', 'Que Delícia', 'Rua da Panificadora, 12', 'Río de Janeiro', 'RJ', '02389-673', 'Brasil', 64),
(10292, 1, '1996-08-28 00:00:00', '1996-09-25 00:00:00', '1996-09-02 00:00:00', 2, '1.3500', 'Tradição Hipermercados', 'Av. Inês de Castro, 414', 'São Paulo', 'SP', '05634-030', 'Brasil', 90),
(10293, 1, '1996-08-29 00:00:00', '1996-09-26 00:00:00', '1996-09-11 00:00:00', 3, '21.1800', 'Tortuga Restaurante', 'Avda. Azteca 123', 'México D.F.', NULL, '05033', 'México', 76),
(10294, 4, '1996-08-30 00:00:00', '1996-09-27 00:00:00', '1996-09-05 00:00:00', 2, '147.2600', 'Rattlesnake Canyon Grocery', '2817 Milton Dr.', 'Albuquerque', 'NM', '87110', 'Estados Unidos', 20),
(10295, 2, '1996-09-02 00:00:00', '1996-09-30 00:00:00', '1996-09-10 00:00:00', 2, '1.1500', 'Vins et alcools Chevalier', '59 rue de l\'Abbaye', 'Reims', NULL, '51100', 'Francia', 51),
(10296, 6, '1996-09-03 00:00:00', '1996-10-01 00:00:00', '1996-09-11 00:00:00', 1, '0.1200', 'LILA-Supermercado', 'Carrera 52 con Ave. Bolívar #65-98 Llano Largo', 'Barquisimeto', 'Lara', '3508', 'Venezuela', 14),
(10297, 5, '1996-09-04 00:00:00', '1996-10-16 00:00:00', '1996-09-10 00:00:00', 2, '5.7400', 'Blondel père et fils', '24, place Kléber', 'Strasbourg', NULL, '67000', 'Francia', 8),
(10298, 6, '1996-09-05 00:00:00', '1996-10-03 00:00:00', '1996-09-11 00:00:00', 2, '168.2200', 'Hungry Owl All-Night Grocers', '8 Johnstown Road', 'Cork', 'Co. Cork', NULL, 'Irlanda', 89),
(10299, 4, '1996-09-06 00:00:00', '1996-10-04 00:00:00', '1996-09-13 00:00:00', 2, '29.7600', 'Ricardo Adocicados', 'Av. Copacabana, 267', 'Río de Janeiro', 'RJ', '02389-890', 'Brasil', 59),
(10300, 2, '1996-09-09 00:00:00', '1996-10-07 00:00:00', '1996-09-18 00:00:00', 2, '17.6800', 'Magazzini Alimentari Riuniti', 'Via Ludovico il Moro 22', 'Bérgamo', NULL, '24100', 'Italia', 25),
(10301, 8, '1996-09-09 00:00:00', '1996-10-07 00:00:00', '1996-09-17 00:00:00', 2, '45.0800', 'Die Wandernde Kuh', 'Adenauerallee 900', 'Stuttgart', NULL, '70563', 'Alemania', 42),
(10302, 4, '1996-09-10 00:00:00', '1996-10-08 00:00:00', '1996-10-09 00:00:00', 2, '6.2700', 'Suprêmes délices', 'Boulevard Tirou, 255', 'Charleroi', NULL, 'B-6000', 'Bélgica', 44),
(10303, 7, '1996-09-11 00:00:00', '1996-10-09 00:00:00', '1996-09-18 00:00:00', 2, '107.8300', 'Godos Cocina Típica', 'C/ Romero, 33', 'Sevilla', NULL, '41101', 'España', 1),
(10304, 1, '1996-09-12 00:00:00', '1996-10-10 00:00:00', '1996-09-17 00:00:00', 2, '63.7900', 'Tortuga Restaurante', 'Avda. Azteca 123', 'México D.F.', NULL, '05033', 'México', 54),
(10305, 8, '1996-09-13 00:00:00', '1996-10-11 00:00:00', '1996-10-09 00:00:00', 3, '257.6200', 'Old World Delicatessen', '2743 Bering St.', 'Anchorage', 'AK', '99508', 'Estados Unidos', 86),
(10306, 1, '1996-09-16 00:00:00', '1996-10-14 00:00:00', '1996-09-23 00:00:00', 3, '7.5600', 'Romero y tomillo', 'Gran Vía, 1', 'Madrid', NULL, '28001', 'España', 87),
(10307, 2, '1996-09-17 00:00:00', '1996-10-15 00:00:00', '1996-09-25 00:00:00', 2, '0.5600', 'Lonesome Pine Restaurant', '89 Chiaroscuro Rd.', 'Portland', 'OR', '97219', 'Estados Unidos', 85),
(10308, 7, '1996-09-18 00:00:00', '1996-10-16 00:00:00', '1996-09-24 00:00:00', 3, '1.6100', 'Ana Trujillo Emparedados y helados', 'Avda. de la Constitución 2222', 'México D.F.', NULL, '05021', 'México', 72),
(10309, 3, '1996-09-19 00:00:00', '1996-10-17 00:00:00', '1996-10-23 00:00:00', 1, '47.3000', 'Hungry Owl All-Night Grocers', '8 Johnstown Road', 'Cork', 'Co. Cork', NULL, 'Irlanda', 15),
(10310, 8, '1996-09-20 00:00:00', '1996-10-18 00:00:00', '1996-09-27 00:00:00', 2, '17.5200', 'The Big Cheese', '89 Jefferson Way\r\nSuite 2', 'Portland', 'OR', '97201', 'Estados Unidos', 40),
(10311, 1, '1996-09-20 00:00:00', '1996-10-04 00:00:00', '1996-09-26 00:00:00', 3, '24.6900', 'Du monde entier', '67, rue des Cinquante Otages', 'Nantes', NULL, '44000', 'Francia', 65),
(10312, 2, '1996-09-23 00:00:00', '1996-10-21 00:00:00', '1996-10-03 00:00:00', 2, '40.2600', 'Die Wandernde Kuh', 'Adenauerallee 900', 'Stuttgart', NULL, '70563', 'Alemania', 22),
(10313, 2, '1996-09-24 00:00:00', '1996-10-22 00:00:00', '1996-10-04 00:00:00', 2, '1.9600', 'QUICK-Stop', 'Taucherstraße 10', 'Cunewalde', NULL, '01307', 'Alemania', 5),
(10314, 1, '1996-09-25 00:00:00', '1996-10-23 00:00:00', '1996-10-04 00:00:00', 2, '74.1600', 'Rattlesnake Canyon Grocery', '2817 Milton Dr.', 'Albuquerque', 'NM', '87110', 'Estados Unidos', 51),
(10315, 4, '1996-09-26 00:00:00', '1996-10-24 00:00:00', '1996-10-03 00:00:00', 2, '41.7600', 'Island Trading', 'Garden House\r\nCrowther Way', 'Cowes', 'Isle of Wight', 'PO31 7PJ', 'Reino Unido', 60),
(10316, 1, '1996-09-27 00:00:00', '1996-10-25 00:00:00', '1996-10-08 00:00:00', 3, '150.1500', 'Rattlesnake Canyon Grocery', '2817 Milton Dr.', 'Albuquerque', 'NM', '87110', 'Estados Unidos', 55),
(10317, 6, '1996-09-30 00:00:00', '1996-10-28 00:00:00', '1996-10-10 00:00:00', 1, '12.6900', 'Lonesome Pine Restaurant', '89 Chiaroscuro Rd.', 'Portland', 'OR', '97219', 'Estados Unidos', 3),
(10318, 8, '1996-10-01 00:00:00', '1996-10-29 00:00:00', '1996-10-04 00:00:00', 2, '4.7300', 'Island Trading', 'Garden House\r\nCrowther Way', 'Cowes', 'Isle of Wight', 'PO31 7PJ', 'Reino Unido', 32),
(10319, 7, '1996-10-02 00:00:00', '1996-10-30 00:00:00', '1996-10-11 00:00:00', 3, '64.5000', 'Tortuga Restaurante', 'Avda. Azteca 123', 'México D.F.', NULL, '05033', 'México', 60),
(10320, 5, '1996-10-03 00:00:00', '1996-10-17 00:00:00', '1996-10-18 00:00:00', 3, '34.5700', 'Wartian Herkku', 'Torikatu 38', 'Oulu', NULL, '90110', 'Finlandia', 24),
(10321, 3, '1996-10-03 00:00:00', '1996-10-31 00:00:00', '1996-10-11 00:00:00', 2, '3.4300', 'Island Trading', 'Garden House\r\nCrowther Way', 'Cowes', 'Isle of Wight', 'PO31 7PJ', 'Reino Unido', 31),
(10322, 7, '1996-10-04 00:00:00', '1996-11-01 00:00:00', '1996-10-23 00:00:00', 3, '0.4000', 'Pericles Comidas clásicas', 'Calle Dr. Jorge Cash 321', 'México D.F.', NULL, '05033', 'México', 81),
(10323, 4, '1996-10-07 00:00:00', '1996-11-04 00:00:00', '1996-10-14 00:00:00', 1, '4.8800', 'Königlich Essen', 'Maubelstr. 90', 'Brandenburg', NULL, '14776', 'Alemania', 38),
(10324, 9, '1996-10-08 00:00:00', '1996-11-05 00:00:00', '1996-10-10 00:00:00', 1, '214.2700', 'Save-a-lot Markets', '187 Suffolk Ln.', 'Boise', 'ID', '83720', 'Estados Unidos', 40),
(10325, 1, '1996-10-09 00:00:00', '1996-10-23 00:00:00', '1996-10-14 00:00:00', 3, '64.8600', 'Königlich Essen', 'Maubelstr. 90', 'Brandenburg', NULL, '14776', 'Alemania', 84),
(10326, 4, '1996-10-10 00:00:00', '1996-11-07 00:00:00', '1996-10-14 00:00:00', 2, '77.9200', 'Bólido Comidas preparadas', 'C/ Araquil, 67', 'Madrid', NULL, '28023', 'España', 30),
(10327, 2, '1996-10-11 00:00:00', '1996-11-08 00:00:00', '1996-10-14 00:00:00', 1, '63.3600', 'Folk och fä HB', 'Åkergatan 24', 'Bräcke', NULL, 'S-844 67', 'Suecia', 78),
(10328, 4, '1996-10-14 00:00:00', '1996-11-11 00:00:00', '1996-10-17 00:00:00', 3, '87.0300', 'Furia Bacalhau e Frutos do Mar', 'Jardim das rosas n. 32', 'Lisboa', NULL, '1675', 'Portugal', 27),
(10329, 4, '1996-10-15 00:00:00', '1996-11-26 00:00:00', '1996-10-23 00:00:00', 2, '191.6700', 'Split Rail Beer & Ale', 'P.O. Box 555', 'Lander', 'WY', '82520', 'Estados Unidos', 84),
(10330, 3, '1996-10-16 00:00:00', '1996-11-13 00:00:00', '1996-10-28 00:00:00', 1, '12.7500', 'LILA-Supermercado', 'Carrera 52 con Ave. Bolívar #65-98 Llano Largo', 'Barquisimeto', 'Lara', '3508', 'Venezuela', 66),
(10331, 9, '1996-10-16 00:00:00', '1996-11-27 00:00:00', '1996-10-21 00:00:00', 1, '10.1900', 'Bon app\'', '12, rue des Bouchers', 'Marseille', NULL, '13008', 'Francia', 76),
(10332, 3, '1996-10-17 00:00:00', '1996-11-28 00:00:00', '1996-10-21 00:00:00', 2, '52.8400', 'Mère Paillarde', '43 rue St. Laurent', 'Montréal', 'Québec', 'H1J 1C3', 'Canadá', 2),
(10333, 5, '1996-10-18 00:00:00', '1996-11-15 00:00:00', '1996-10-25 00:00:00', 3, '0.5900', 'Wartian Herkku', 'Torikatu 38', 'Oulu', NULL, '90110', 'Finlandia', 55),
(10334, 8, '1996-10-21 00:00:00', '1996-11-18 00:00:00', '1996-10-28 00:00:00', 2, '8.5600', 'Victuailles en stock', '2, rue du Commerce', 'Lyon', NULL, '69004', 'Francia', 86),
(10335, 7, '1996-10-22 00:00:00', '1996-11-19 00:00:00', '1996-10-24 00:00:00', 2, '42.1100', 'Hungry Owl All-Night Grocers', '8 Johnstown Road', 'Cork', 'Co. Cork', NULL, 'Irlanda', 82),
(10336, 7, '1996-10-23 00:00:00', '1996-11-20 00:00:00', '1996-10-25 00:00:00', 2, '15.5100', 'Princesa Isabel Vinhos', 'Estrada da saúde n. 58', 'Lisboa', NULL, '1756', 'Portugal', 62),
(10337, 4, '1996-10-24 00:00:00', '1996-11-21 00:00:00', '1996-10-29 00:00:00', 3, '108.2600', 'Frankenversand', 'Berliner Platz 43', 'München', NULL, '80805', 'Alemania', 63),
(10338, 4, '1996-10-25 00:00:00', '1996-11-22 00:00:00', '1996-10-29 00:00:00', 3, '84.2100', 'Old World Delicatessen', '2743 Bering St.', 'Anchorage', 'AK', '99508', 'Estados Unidos', 40),
(10339, 2, '1996-10-28 00:00:00', '1996-11-25 00:00:00', '1996-11-04 00:00:00', 2, '15.6600', 'Mère Paillarde', '43 rue St. Laurent', 'Montréal', 'Québec', 'H1J 1C3', 'Canadá', 11),
(10340, 1, '1996-10-29 00:00:00', '1996-11-26 00:00:00', '1996-11-08 00:00:00', 3, '166.3100', 'Bon app\'', '12, rue des Bouchers', 'Marseille', NULL, '13008', 'Francia', 25),
(10341, 7, '1996-10-29 00:00:00', '1996-11-26 00:00:00', '1996-11-05 00:00:00', 3, '26.7800', 'Simons bistro', 'Vinbæltet 34', 'København', NULL, '1734', 'Dinamarca', 36),
(10342, 4, '1996-10-30 00:00:00', '1996-11-13 00:00:00', '1996-11-04 00:00:00', 2, '54.8300', 'Frankenversand', 'Berliner Platz 43', 'München', NULL, '80805', 'Alemania', 18),
(10343, 4, '1996-10-31 00:00:00', '1996-11-28 00:00:00', '1996-11-06 00:00:00', 1, '110.3700', 'Lehmanns Marktstand', 'Magazinweg 7', 'Frankfurt a.M. ', NULL, '60528', 'Alemania', 89),
(10344, 4, '1996-11-01 00:00:00', '1996-11-29 00:00:00', '1996-11-05 00:00:00', 2, '23.2900', 'White Clover Markets', '1029 - 12th Ave. S.', 'Seattle', 'WA', '98124', 'Estados Unidos', 29),
(10345, 2, '1996-11-04 00:00:00', '1996-12-02 00:00:00', '1996-11-11 00:00:00', 2, '249.0600', 'QUICK-Stop', 'Taucherstraße 10', 'Cunewalde', NULL, '01307', 'Alemania', 57),
(10346, 3, '1996-11-05 00:00:00', '1996-12-17 00:00:00', '1996-11-08 00:00:00', 3, '142.0800', 'Rattlesnake Canyon Grocery', '2817 Milton Dr.', 'Albuquerque', 'NM', '87110', 'Estados Unidos', 18),
(10347, 4, '1996-11-06 00:00:00', '1996-12-04 00:00:00', '1996-11-08 00:00:00', 3, '3.1000', 'Familia Arquibaldo', 'Rua Orós, 92', 'São Paulo', 'SP', '05442-030', 'Brasil', 9),
(10348, 4, '1996-11-07 00:00:00', '1996-12-05 00:00:00', '1996-11-15 00:00:00', 2, '0.7800', 'Die Wandernde Kuh', 'Adenauerallee 900', 'Stuttgart', NULL, '70563', 'Alemania', 84),
(10349, 7, '1996-11-08 00:00:00', '1996-12-06 00:00:00', '1996-11-15 00:00:00', 1, '8.6300', 'Split Rail Beer & Ale', 'P.O. Box 555', 'Lander', 'WY', '82520', 'Estados Unidos', 28),
(10350, 6, '1996-11-11 00:00:00', '1996-12-09 00:00:00', '1996-12-03 00:00:00', 2, '64.1900', 'La maison d\'Asie', '1 rue Alsace-Lorraine', 'Toulouse', NULL, '31000', 'Francia', 71),
(10351, 1, '1996-11-11 00:00:00', '1996-12-09 00:00:00', '1996-11-20 00:00:00', 1, '162.3300', 'Ernst Handel', 'Kirchgasse 6', 'Graz', NULL, '8010', 'Austria', 88),
(10352, 3, '1996-11-12 00:00:00', '1996-11-26 00:00:00', '1996-11-18 00:00:00', 3, '1.3000', 'Furia Bacalhau e Frutos do Mar', 'Jardim das rosas n. 32', 'Lisboa', NULL, '1675', 'Portugal', 46),
(10353, 7, '1996-11-13 00:00:00', '1996-12-11 00:00:00', '1996-11-25 00:00:00', 3, '360.6300', 'Piccolo und mehr', 'Geislweg 14', 'Salzburg', NULL, '5020', 'Austria', 57),
(10354, 8, '1996-11-14 00:00:00', '1996-12-12 00:00:00', '1996-11-20 00:00:00', 3, '53.8000', 'Pericles Comidas clásicas', 'Calle Dr. Jorge Cash 321', 'México D.F.', NULL, '05033', 'México', 58),
(10355, 6, '1996-11-15 00:00:00', '1996-12-13 00:00:00', '1996-11-20 00:00:00', 1, '41.9500', 'Around the Horn', 'Brook Farm\r\nStratford St. Mary', 'Colchester', 'Essex', 'CO7 6JX', 'Reino Unido', 25),
(10356, 6, '1996-11-18 00:00:00', '1996-12-16 00:00:00', '1996-11-27 00:00:00', 2, '36.7100', 'Die Wandernde Kuh', 'Adenauerallee 900', 'Stuttgart', NULL, '70563', 'Alemania', 44),
(10357, 1, '1996-11-19 00:00:00', '1996-12-17 00:00:00', '1996-12-02 00:00:00', 3, '34.8800', 'LILA-Supermercado', 'Carrera 52 con Ave. Bolívar #65-98 Llano Largo', 'Barquisimeto', 'Lara', '3508', 'Venezuela', 52),
(10358, 5, '1996-11-20 00:00:00', '1996-12-18 00:00:00', '1996-11-27 00:00:00', 1, '19.6400', 'La maison d\'Asie', '1 rue Alsace-Lorraine', 'Toulouse', NULL, '31000', 'Francia', 36),
(10359, 5, '1996-11-21 00:00:00', '1996-12-19 00:00:00', '1996-11-26 00:00:00', 3, '288.4300', 'Seven Seas Imports', '90 Wadhurst Rd.', 'London', NULL, 'OX15 4NB', 'Reino Unido', 27),
(10360, 4, '1996-11-22 00:00:00', '1996-12-20 00:00:00', '1996-12-02 00:00:00', 3, '131.7000', 'Blondel père et fils', '24, place Kléber', 'Strasbourg', NULL, '67000', 'Francia', 26),
(10361, 1, '1996-11-22 00:00:00', '1996-12-20 00:00:00', '1996-12-03 00:00:00', 2, '183.1700', 'QUICK-Stop', 'Taucherstraße 10', 'Cunewalde', NULL, '01307', 'Alemania', 50),
(10362, 3, '1996-11-25 00:00:00', '1996-12-23 00:00:00', '1996-11-28 00:00:00', 1, '96.0400', 'Bon app\'', '12, rue des Bouchers', 'Marseille', NULL, '13008', 'Francia', 81),
(10363, 4, '1996-11-26 00:00:00', '1996-12-24 00:00:00', '1996-12-04 00:00:00', 3, '30.5400', 'Drachenblut Delikatessen', 'Walserweg 21', 'Aachen', NULL, '52066', 'Alemania', 70),
(10364, 1, '1996-11-26 00:00:00', '1997-01-07 00:00:00', '1996-12-04 00:00:00', 1, '71.9700', 'Eastern Connection', '35 King George', 'London', NULL, 'WX3 6FW', 'Reino Unido', 20),
(10365, 3, '1996-11-27 00:00:00', '1996-12-25 00:00:00', '1996-12-02 00:00:00', 2, '22.0000', 'Antonio Moreno Taquería', 'Mataderos  2312', 'México D.F.', NULL, '05023', 'México', 70),
(10366, 8, '1996-11-28 00:00:00', '1997-01-09 00:00:00', '1996-12-30 00:00:00', 2, '10.1400', 'Galería del gastronómo', 'Rambla de Cataluña, 23', 'Barcelona', NULL, '8022', 'España', 16),
(10367, 7, '1996-11-28 00:00:00', '1996-12-26 00:00:00', '1996-12-02 00:00:00', 3, '13.5500', 'Vaffeljernet', 'Smagsløget 45', 'Århus', NULL, '8200', 'Dinamarca', 52),
(10368, 2, '1996-11-29 00:00:00', '1996-12-27 00:00:00', '1996-12-02 00:00:00', 2, '101.9500', 'Ernst Handel', 'Kirchgasse 6', 'Graz', NULL, '8010', 'Austria', 29),
(10369, 8, '1996-12-02 00:00:00', '1996-12-30 00:00:00', '1996-12-09 00:00:00', 2, '195.6800', 'Split Rail Beer & Ale', 'P.O. Box 555', 'Lander', 'WY', '82520', 'Estados Unidos', 80),
(10370, 6, '1996-12-03 00:00:00', '1996-12-31 00:00:00', '1996-12-27 00:00:00', 2, '1.1700', 'Chop-suey Chinese', 'Hauptstr. 31', 'Bern', NULL, '3012', 'Suiza', 42),
(10371, 1, '1996-12-03 00:00:00', '1996-12-31 00:00:00', '1996-12-24 00:00:00', 1, '0.4500', 'La maison d\'Asie', '1 rue Alsace-Lorraine', 'Toulouse', NULL, '31000', 'Francia', 61),
(10372, 5, '1996-12-04 00:00:00', '1997-01-01 00:00:00', '1996-12-09 00:00:00', 2, '890.7800', 'Queen Cozinha', 'Alameda dos Canàrios, 891', 'São Paulo', 'SP', '05487-020', 'Brasil', 88),
(10373, 4, '1996-12-05 00:00:00', '1997-01-02 00:00:00', '1996-12-11 00:00:00', 3, '124.1200', 'Hungry Owl All-Night Grocers', '8 Johnstown Road', 'Cork', 'Co. Cork', NULL, 'Irlanda', 74),
(10374, 1, '1996-12-05 00:00:00', '1997-01-02 00:00:00', '1996-12-09 00:00:00', 3, '3.9400', 'Wolski Zajazd', 'ul. Filtrowa 68', 'Warszawa', NULL, '01-012', 'Polonia', 15),
(10375, 3, '1996-12-06 00:00:00', '1997-01-03 00:00:00', '1996-12-09 00:00:00', 2, '20.1200', 'Hungry Coyote Import Store', 'City Center Plaza\r\n516 Main St.', 'Elgin', 'OR', '97827', 'Estados Unidos', 35),
(10376, 1, '1996-12-09 00:00:00', '1997-01-06 00:00:00', '1996-12-13 00:00:00', 2, '20.3900', 'Mère Paillarde', '43 rue St. Laurent', 'Montréal', 'Québec', 'H1J 1C3', 'Canadá', 38),
(10377, 1, '1996-12-09 00:00:00', '1997-01-06 00:00:00', '1996-12-13 00:00:00', 3, '22.2100', 'Seven Seas Imports', '90 Wadhurst Rd.', 'London', NULL, 'OX15 4NB', 'Reino Unido', 84),
(10378, 5, '1996-12-10 00:00:00', '1997-01-07 00:00:00', '1996-12-19 00:00:00', 3, '5.4400', 'Folk och fä HB', 'Åkergatan 24', 'Bräcke', NULL, 'S-844 67', 'Suecia', 35),
(10379, 2, '1996-12-11 00:00:00', '1997-01-08 00:00:00', '1996-12-13 00:00:00', 1, '45.0300', 'Que Delícia', 'Rua da Panificadora, 12', 'Río de Janeiro', 'RJ', '02389-673', 'Brasil', 12),
(10380, 8, '1996-12-12 00:00:00', '1997-01-09 00:00:00', '1997-01-16 00:00:00', 3, '35.0300', 'Hungry Owl All-Night Grocers', '8 Johnstown Road', 'Cork', 'Co. Cork', NULL, 'Irlanda', 48),
(10381, 3, '1996-12-12 00:00:00', '1997-01-09 00:00:00', '1996-12-13 00:00:00', 3, '7.9900', 'LILA-Supermercado', 'Carrera 52 con Ave. Bolívar #65-98 Llano Largo', 'Barquisimeto', 'Lara', '3508', 'Venezuela', 23),
(10382, 4, '1996-12-13 00:00:00', '1997-01-10 00:00:00', '1996-12-16 00:00:00', 1, '94.7700', 'Ernst Handel', 'Kirchgasse 6', 'Graz', NULL, '8010', 'Austria', 60),
(10383, 8, '1996-12-16 00:00:00', '1997-01-13 00:00:00', '1996-12-18 00:00:00', 3, '34.2400', 'Around the Horn', 'Brook Farm\r\nStratford St. Mary', 'Colchester', 'Essex', 'CO7 6JX', 'Reino Unido', 50),
(10384, 3, '1996-12-16 00:00:00', '1997-01-13 00:00:00', '1996-12-20 00:00:00', 3, '168.6400', 'Berglunds snabbköp', 'Berguvsvägen  8', 'Luleå', NULL, 'S-958 22', 'Suecia', 69),
(10385, 1, '1996-12-17 00:00:00', '1997-01-14 00:00:00', '1996-12-23 00:00:00', 2, '30.9600', 'Split Rail Beer & Ale', 'P.O. Box 555', 'Lander', 'WY', '82520', 'Estados Unidos', 14),
(10386, 9, '1996-12-18 00:00:00', '1997-01-01 00:00:00', '1996-12-25 00:00:00', 3, '13.9900', 'Familia Arquibaldo', 'Rua Orós, 92', 'São Paulo', 'SP', '05442-030', 'Brasil', 46),
(10387, 1, '1996-12-18 00:00:00', '1997-01-15 00:00:00', '1996-12-20 00:00:00', 2, '93.6300', 'Santé Gourmet', 'Erling Skakkes gate 78', 'Stavern', NULL, '4110', 'Noruega', 4),
(10388, 2, '1996-12-19 00:00:00', '1997-01-16 00:00:00', '1996-12-20 00:00:00', 1, '34.8600', 'Seven Seas Imports', '90 Wadhurst Rd.', 'London', NULL, 'OX15 4NB', 'Reino Unido', 66),
(10389, 4, '1996-12-20 00:00:00', '1997-01-17 00:00:00', '1996-12-24 00:00:00', 2, '47.4200', 'Bottom-Dollar Markets', '23 Tsawassen Blvd.', 'Tsawassen', 'BC', 'T2F 8M4', 'Canadá', 46),
(10390, 6, '1996-12-23 00:00:00', '1997-01-20 00:00:00', '1996-12-26 00:00:00', 1, '126.3800', 'Ernst Handel', 'Kirchgasse 6', 'Graz', NULL, '8010', 'Austria', 31),
(10391, 3, '1996-12-23 00:00:00', '1997-01-20 00:00:00', '1996-12-31 00:00:00', 3, '5.4500', 'Drachenblut Delikatessen', 'Walserweg 21', 'Aachen', NULL, '52066', 'Alemania', 15),
(10392, 2, '1996-12-24 00:00:00', '1997-01-21 00:00:00', '1997-01-01 00:00:00', 3, '122.4600', 'Piccolo und mehr', 'Geislweg 14', 'Salzburg', NULL, '5020', 'Austria', 74),
(10393, 1, '1996-12-25 00:00:00', '1997-01-22 00:00:00', '1997-01-03 00:00:00', 3, '126.5600', 'Save-a-lot Markets', '187 Suffolk Ln.', 'Boise', 'ID', '83720', 'Estados Unidos', 54),
(10394, 1, '1996-12-25 00:00:00', '1997-01-22 00:00:00', '1997-01-03 00:00:00', 3, '30.3400', 'Hungry Coyote Import Store', 'City Center Plaza\r\n516 Main St.', 'Elgin', 'OR', '97827', 'Estados Unidos', 45),
(10395, 6, '1996-12-26 00:00:00', '1997-01-23 00:00:00', '1997-01-03 00:00:00', 1, '184.4100', 'HILARIÓN-Abastos', 'Carrera 22 con Ave. Carlos Soublette #8-35', 'San Cristóbal', 'Táchira', '5022', 'Venezuela', 66),
(10396, 1, '1996-12-27 00:00:00', '1997-01-10 00:00:00', '1997-01-06 00:00:00', 3, '135.3500', 'Frankenversand', 'Berliner Platz 43', 'München', NULL, '80805', 'Alemania', 10),
(10397, 5, '1996-12-27 00:00:00', '1997-01-24 00:00:00', '1997-01-02 00:00:00', 1, '60.2600', 'Princesa Isabel Vinhos', 'Estrada da saúde n. 58', 'Lisboa', NULL, '1756', 'Portugal', 36),
(10398, 2, '1996-12-30 00:00:00', '1997-01-27 00:00:00', '1997-01-09 00:00:00', 3, '89.1600', 'Save-a-lot Markets', '187 Suffolk Ln.', 'Boise', 'ID', '83720', 'Estados Unidos', 58),
(10399, 8, '1996-12-31 00:00:00', '1997-01-14 00:00:00', '1997-01-08 00:00:00', 3, '27.3600', 'Vaffeljernet', 'Smagsløget 45', 'Århus', NULL, '8200', 'Dinamarca', 90),
(10400, 1, '1997-01-01 00:00:00', '1997-01-29 00:00:00', '1997-01-16 00:00:00', 3, '83.9300', 'Eastern Connection', '35 King George', 'London', NULL, 'WX3 6FW', 'Reino Unido', 2),
(10401, 1, '1997-01-01 00:00:00', '1997-01-29 00:00:00', '1997-01-10 00:00:00', 1, '12.5100', 'Rattlesnake Canyon Grocery', '2817 Milton Dr.', 'Albuquerque', 'NM', '87110', 'Estados Unidos', 14),
(10402, 8, '1997-01-02 00:00:00', '1997-02-13 00:00:00', '1997-01-10 00:00:00', 2, '67.8800', 'Ernst Handel', 'Kirchgasse 6', 'Graz', NULL, '8010', 'Austria', 63),
(10403, 4, '1997-01-03 00:00:00', '1997-01-31 00:00:00', '1997-01-09 00:00:00', 3, '73.7900', 'Ernst Handel', 'Kirchgasse 6', 'Graz', NULL, '8010', 'Austria', 2),
(10404, 2, '1997-01-03 00:00:00', '1997-01-31 00:00:00', '1997-01-08 00:00:00', 1, '155.9700', 'Magazzini Alimentari Riuniti', 'Via Ludovico il Moro 22', 'Bérgamo', NULL, '24100', 'Italia', 2),
(10405, 1, '1997-01-06 00:00:00', '1997-02-03 00:00:00', '1997-01-22 00:00:00', 1, '34.8200', 'LINO-Delicateses', 'Ave. 5 de Mayo Porlamar', 'I. de Margarita', 'Nueva Esparta', '4980', 'Venezuela', 6),
(10406, 7, '1997-01-07 00:00:00', '1997-02-18 00:00:00', '1997-01-13 00:00:00', 1, '108.0400', 'Queen Cozinha', 'Alameda dos Canàrios, 891', 'São Paulo', 'SP', '05487-020', 'Brasil', 23),
(10407, 2, '1997-01-07 00:00:00', '1997-02-04 00:00:00', '1997-01-30 00:00:00', 2, '91.4800', 'Ottilies Käseladen', 'Mehrheimerstr. 369', 'Köln', NULL, '50739', 'Alemania', 8),
(10408, 8, '1997-01-08 00:00:00', '1997-02-05 00:00:00', '1997-01-14 00:00:00', 1, '11.2600', 'Folies gourmandes', '184, chaussée de Tournai', 'Lille', NULL, '59000', 'Francia', 58),
(10409, 3, '1997-01-09 00:00:00', '1997-02-06 00:00:00', '1997-01-14 00:00:00', 1, '29.8300', 'Océano Atlántico Ltda.', 'Ing. Gustavo Moncada 8585\r\nPiso 20-A', 'Buenos Aires', NULL, '1010', 'Argentina', 87),
(10410, 3, '1997-01-10 00:00:00', '1997-02-07 00:00:00', '1997-01-15 00:00:00', 3, '2.4000', 'Bottom-Dollar Markets', '23 Tsawassen Blvd.', 'Tsawassen', 'BC', 'T2F 8M4', 'Canadá', 79),
(10411, 9, '1997-01-10 00:00:00', '1997-02-07 00:00:00', '1997-01-21 00:00:00', 3, '23.6500', 'Bottom-Dollar Markets', '23 Tsawassen Blvd.', 'Tsawassen', 'BC', 'T2F 8M4', 'Canadá', 40),
(10412, 8, '1997-01-13 00:00:00', '1997-02-10 00:00:00', '1997-01-15 00:00:00', 2, '3.7700', 'Wartian Herkku', 'Torikatu 38', 'Oulu', NULL, '90110', 'Finlandia', 57),
(10413, 3, '1997-01-14 00:00:00', '1997-02-11 00:00:00', '1997-01-16 00:00:00', 2, '95.6600', 'La maison d\'Asie', '1 rue Alsace-Lorraine', 'Toulouse', NULL, '31000', 'Francia', 72),
(10414, 2, '1997-01-14 00:00:00', '1997-02-11 00:00:00', '1997-01-17 00:00:00', 3, '21.4800', 'Familia Arquibaldo', 'Rua Orós, 92', 'São Paulo', 'SP', '05442-030', 'Brasil', 6),
(10415, 3, '1997-01-15 00:00:00', '1997-02-12 00:00:00', '1997-01-24 00:00:00', 1, '0.2000', 'Hungry Coyote Import Store', 'City Center Plaza\r\n516 Main St.', 'Elgin', 'OR', '97827', 'Estados Unidos', 89),
(10416, 8, '1997-01-16 00:00:00', '1997-02-13 00:00:00', '1997-01-27 00:00:00', 3, '22.7200', 'Wartian Herkku', 'Torikatu 38', 'Oulu', NULL, '90110', 'Finlandia', 65),
(10417, 4, '1997-01-16 00:00:00', '1997-02-13 00:00:00', '1997-01-28 00:00:00', 3, '70.2900', 'Simons bistro', 'Vinbæltet 34', 'København', NULL, '1734', 'Dinamarca', 54),
(10418, 4, '1997-01-17 00:00:00', '1997-02-14 00:00:00', '1997-01-24 00:00:00', 1, '17.5500', 'QUICK-Stop', 'Taucherstraße 10', 'Cunewalde', NULL, '01307', 'Alemania', 77),
(10419, 4, '1997-01-20 00:00:00', '1997-02-17 00:00:00', '1997-01-30 00:00:00', 2, '137.3500', 'Richter Supermarkt', 'Starenweg 5', 'Genève', NULL, '1204', 'Suiza', 42),
(10420, 3, '1997-01-21 00:00:00', '1997-02-18 00:00:00', '1997-01-27 00:00:00', 1, '44.1200', 'Wellington Importadora', 'Rua do Mercado, 12', 'Resende', 'SP', '08737-363', 'Brasil', 71),
(10421, 8, '1997-01-21 00:00:00', '1997-03-04 00:00:00', '1997-01-27 00:00:00', 1, '99.2300', 'Que Delícia', 'Rua da Panificadora, 12', 'Río de Janeiro', 'RJ', '02389-673', 'Brasil', 44),
(10422, 2, '1997-01-22 00:00:00', '1997-02-19 00:00:00', '1997-01-31 00:00:00', 1, '3.0200', 'Franchi S.p.A.', 'Via Monte Bianco 34', 'Torino', NULL, '10100', 'Italia', 7),
(10423, 6, '1997-01-23 00:00:00', '1997-02-06 00:00:00', '1997-02-24 00:00:00', 3, '24.5000', 'Gourmet Lanchonetes', 'Av. Brasil, 442', 'Campinas', 'SP', '04876-786', 'Brasil', 85),
(10424, 7, '1997-01-23 00:00:00', '1997-02-20 00:00:00', '1997-01-27 00:00:00', 2, '370.6100', 'Mère Paillarde', '43 rue St. Laurent', 'Montréal', 'Québec', 'H1J 1C3', 'Canadá', 41),
(10425, 6, '1997-01-24 00:00:00', '1997-02-21 00:00:00', '1997-02-14 00:00:00', 2, '7.9300', 'La maison d\'Asie', '1 rue Alsace-Lorraine', 'Toulouse', NULL, '31000', 'Francia', 40),
(10426, 4, '1997-01-27 00:00:00', '1997-02-24 00:00:00', '1997-02-06 00:00:00', 1, '18.6900', 'Galería del gastronómo', 'Rambla de Cataluña, 23', 'Barcelona', NULL, '8022', 'España', 78),
(10427, 4, '1997-01-27 00:00:00', '1997-02-24 00:00:00', '1997-03-03 00:00:00', 2, '31.2900', 'Piccolo und mehr', 'Geislweg 14', 'Salzburg', NULL, '5020', 'Austria', 89),
(10428, 7, '1997-01-28 00:00:00', '1997-02-25 00:00:00', '1997-02-04 00:00:00', 1, '11.0900', 'Reggiani Caseifici', 'Strada Provinciale 124', 'Reggio Emilia', NULL, '42100', 'Italia', 29),
(10429, 3, '1997-01-29 00:00:00', '1997-03-12 00:00:00', '1997-02-07 00:00:00', 2, '56.6300', 'Hungry Owl All-Night Grocers', '8 Johnstown Road', 'Cork', 'Co. Cork', NULL, 'Irlanda', 58),
(10430, 4, '1997-01-30 00:00:00', '1997-02-13 00:00:00', '1997-02-03 00:00:00', 1, '458.7800', 'Ernst Handel', 'Kirchgasse 6', 'Graz', NULL, '8010', 'Austria', 23),
(10431, 4, '1997-01-30 00:00:00', '1997-02-13 00:00:00', '1997-02-07 00:00:00', 2, '44.1700', 'Bottom-Dollar Markets', '23 Tsawassen Blvd.', 'Tsawassen', 'BC', 'T2F 8M4', 'Canadá', 29),
(10432, 3, '1997-01-31 00:00:00', '1997-02-14 00:00:00', '1997-02-07 00:00:00', 2, '4.3400', 'Split Rail Beer & Ale', 'P.O. Box 555', 'Lander', 'WY', '82520', 'Estados Unidos', 80),
(10433, 3, '1997-02-03 00:00:00', '1997-03-03 00:00:00', '1997-03-04 00:00:00', 3, '73.8300', 'Princesa Isabel Vinhos', 'Estrada da saúde n. 58', 'Lisboa', NULL, '1756', 'Portugal', 36),
(10434, 3, '1997-02-03 00:00:00', '1997-03-03 00:00:00', '1997-02-13 00:00:00', 2, '17.9200', 'Folk och fä HB', 'Åkergatan 24', 'Bräcke', NULL, 'S-844 67', 'Suecia', 35),
(10435, 8, '1997-02-04 00:00:00', '1997-03-18 00:00:00', '1997-02-07 00:00:00', 2, '9.2100', 'Consolidated Holdings', 'Berkeley Gardens\r\n12  Brewery ', 'London', NULL, 'WX1 6LT', 'Reino Unido', 63),
(10436, 3, '1997-02-05 00:00:00', '1997-03-05 00:00:00', '1997-02-11 00:00:00', 2, '156.6600', 'Blondel père et fils', '24, place Kléber', 'Strasbourg', NULL, '67000', 'Francia', 31),
(10437, 8, '1997-02-05 00:00:00', '1997-03-05 00:00:00', '1997-02-12 00:00:00', 1, '19.9700', 'Wartian Herkku', 'Torikatu 38', 'Oulu', NULL, '90110', 'Finlandia', 54),
(10438, 3, '1997-02-06 00:00:00', '1997-03-06 00:00:00', '1997-02-14 00:00:00', 2, '8.2400', 'Toms Spezialitäten', 'Luisenstr. 48', 'Münster', NULL, '44087', 'Alemania', 88),
(10439, 6, '1997-02-07 00:00:00', '1997-03-07 00:00:00', '1997-02-10 00:00:00', 3, '4.0700', 'Mère Paillarde', '43 rue St. Laurent', 'Montréal', 'Québec', 'H1J 1C3', 'Canadá', 5),
(10440, 4, '1997-02-10 00:00:00', '1997-03-10 00:00:00', '1997-02-28 00:00:00', 2, '86.5300', 'Save-a-lot Markets', '187 Suffolk Ln.', 'Boise', 'ID', '83720', 'Estados Unidos', 32),
(10441, 3, '1997-02-10 00:00:00', '1997-03-24 00:00:00', '1997-03-14 00:00:00', 2, '73.0200', 'Old World Delicatessen', '2743 Bering St.', 'Anchorage', 'AK', '99508', 'Estados Unidos', 56),
(10442, 3, '1997-02-11 00:00:00', '1997-03-11 00:00:00', '1997-02-18 00:00:00', 2, '47.9400', 'Ernst Handel', 'Kirchgasse 6', 'Graz', NULL, '8010', 'Austria', 1),
(10443, 8, '1997-02-12 00:00:00', '1997-03-12 00:00:00', '1997-02-14 00:00:00', 1, '13.9500', 'Reggiani Caseifici', 'Strada Provinciale 124', 'Reggio Emilia', NULL, '42100', 'Italia', 18),
(10444, 3, '1997-02-12 00:00:00', '1997-03-12 00:00:00', '1997-02-21 00:00:00', 3, '3.5000', 'Berglunds snabbköp', 'Berguvsvägen  8', 'Luleå', NULL, 'S-958 22', 'Suecia', 89),
(10445, 3, '1997-02-13 00:00:00', '1997-03-13 00:00:00', '1997-02-20 00:00:00', 1, '9.3000', 'Berglunds snabbköp', 'Berguvsvägen  8', 'Luleå', NULL, 'S-958 22', 'Suecia', 25),
(10446, 6, '1997-02-14 00:00:00', '1997-03-14 00:00:00', '1997-02-19 00:00:00', 1, '14.6800', 'Toms Spezialitäten', 'Luisenstr. 48', 'Münster', NULL, '44087', 'Alemania', 39),
(10447, 4, '1997-02-14 00:00:00', '1997-03-14 00:00:00', '1997-03-07 00:00:00', 2, '68.6600', 'Ricardo Adocicados', 'Av. Copacabana, 267', 'Río de Janeiro', 'RJ', '02389-890', 'Brasil', 30),
(10448, 4, '1997-02-17 00:00:00', '1997-03-17 00:00:00', '1997-02-24 00:00:00', 2, '38.8200', 'Rancho grande', 'Av. del Libertador 900', 'Buenos Aires', NULL, '1010', 'Argentina', 32),
(10449, 3, '1997-02-18 00:00:00', '1997-03-18 00:00:00', '1997-02-27 00:00:00', 2, '53.3000', 'Blondel père et fils', '24, place Kléber', 'Strasbourg', NULL, '67000', 'Francia', 69),
(10450, 8, '1997-02-19 00:00:00', '1997-03-19 00:00:00', '1997-03-11 00:00:00', 2, '7.2300', 'Victuailles en stock', '2, rue du Commerce', 'Lyon', NULL, '69004', 'Francia', 67),
(10451, 4, '1997-02-19 00:00:00', '1997-03-05 00:00:00', '1997-03-12 00:00:00', 3, '189.0900', 'QUICK-Stop', 'Taucherstraße 10', 'Cunewalde', NULL, '01307', 'Alemania', 40),
(10452, 8, '1997-02-20 00:00:00', '1997-03-20 00:00:00', '1997-02-26 00:00:00', 1, '140.2600', 'Save-a-lot Markets', '187 Suffolk Ln.', 'Boise', 'ID', '83720', 'Estados Unidos', 87),
(10453, 1, '1997-02-21 00:00:00', '1997-03-21 00:00:00', '1997-02-26 00:00:00', 2, '25.3600', 'Around the Horn', 'Brook Farm\r\nStratford St. Mary', 'Colchester', 'Essex', 'CO7 6JX', 'Reino Unido', 42),
(10454, 4, '1997-02-21 00:00:00', '1997-03-21 00:00:00', '1997-02-25 00:00:00', 3, '2.7400', 'La maison d\'Asie', '1 rue Alsace-Lorraine', 'Toulouse', NULL, '31000', 'Francia', 39),
(10455, 8, '1997-02-24 00:00:00', '1997-04-07 00:00:00', '1997-03-03 00:00:00', 2, '180.4500', 'Wartian Herkku', 'Torikatu 38', 'Oulu', NULL, '90110', 'Finlandia', 71),
(10456, 8, '1997-02-25 00:00:00', '1997-04-08 00:00:00', '1997-02-28 00:00:00', 2, '8.1200', 'Königlich Essen', 'Maubelstr. 90', 'Brandenburg', NULL, '14776', 'Alemania', 57),
(10457, 2, '1997-02-25 00:00:00', '1997-03-25 00:00:00', '1997-03-03 00:00:00', 1, '11.5700', 'Königlich Essen', 'Maubelstr. 90', 'Brandenburg', NULL, '14776', 'Alemania', 69),
(10458, 7, '1997-02-26 00:00:00', '1997-03-26 00:00:00', '1997-03-04 00:00:00', 3, '147.0600', 'Suprêmes délices', 'Boulevard Tirou, 255', 'Charleroi', NULL, 'B-6000', 'Bélgica', 85),
(10459, 4, '1997-02-27 00:00:00', '1997-03-27 00:00:00', '1997-02-28 00:00:00', 2, '25.0900', 'Victuailles en stock', '2, rue du Commerce', 'Lyon', NULL, '69004', 'Francia', 38),
(10460, 8, '1997-02-28 00:00:00', '1997-03-28 00:00:00', '1997-03-03 00:00:00', 1, '16.2700', 'Folk och fä HB', 'Åkergatan 24', 'Bräcke', NULL, 'S-844 67', 'Suecia', 22),
(10461, 1, '1997-02-28 00:00:00', '1997-03-28 00:00:00', '1997-03-05 00:00:00', 3, '148.6100', 'LILA-Supermercado', 'Carrera 52 con Ave. Bolívar #65-98 Llano Largo', 'Barquisimeto', 'Lara', '3508', 'Venezuela', 90),
(10462, 2, '1997-03-03 00:00:00', '1997-03-31 00:00:00', '1997-03-18 00:00:00', 1, '6.1700', 'Consolidated Holdings', 'Berkeley Gardens\r\n12  Brewery ', 'London', NULL, 'WX1 6LT', 'Reino Unido', 20),
(10463, 5, '1997-03-04 00:00:00', '1997-04-01 00:00:00', '1997-03-06 00:00:00', 3, '14.7800', 'Suprêmes délices', 'Boulevard Tirou, 255', 'Charleroi', NULL, 'B-6000', 'Bélgica', 10),
(10464, 4, '1997-03-04 00:00:00', '1997-04-01 00:00:00', '1997-03-14 00:00:00', 2, '89.0000', 'Furia Bacalhau e Frutos do Mar', 'Jardim das rosas n. 32', 'Lisboa', NULL, '1675', 'Portugal', 82),
(10465, 1, '1997-03-05 00:00:00', '1997-04-02 00:00:00', '1997-03-14 00:00:00', 3, '145.0400', 'Vaffeljernet', 'Smagsløget 45', 'Århus', NULL, '8200', 'Dinamarca', 18),
(10466, 4, '1997-03-06 00:00:00', '1997-04-03 00:00:00', '1997-03-13 00:00:00', 1, '11.9300', 'Comércio Mineiro', 'Av. dos Lusíadas, 23', 'São Paulo', 'SP', '05432-043', 'Brasil', 23),
(10467, 8, '1997-03-06 00:00:00', '1997-04-03 00:00:00', '1997-03-11 00:00:00', 2, '4.9300', 'Magazzini Alimentari Riuniti', 'Via Ludovico il Moro 22', 'Bérgamo', NULL, '24100', 'Italia', 63),
(10468, 3, '1997-03-07 00:00:00', '1997-04-04 00:00:00', '1997-03-12 00:00:00', 3, '44.1200', 'Königlich Essen', 'Maubelstr. 90', 'Brandenburg', NULL, '14776', 'Alemania', 64),
(10469, 1, '1997-03-10 00:00:00', '1997-04-07 00:00:00', '1997-03-14 00:00:00', 1, '60.1800', 'White Clover Markets', '1029 - 12th Ave. S.', 'Seattle', 'WA', '98124', 'Estados Unidos', 38),
(10470, 4, '1997-03-11 00:00:00', '1997-04-08 00:00:00', '1997-03-14 00:00:00', 2, '64.5600', 'Bon app\'', '12, rue des Bouchers', 'Marseille', NULL, '13008', 'Francia', 89),
(10471, 2, '1997-03-11 00:00:00', '1997-04-08 00:00:00', '1997-03-18 00:00:00', 3, '45.5900', 'B\'s Beverages', 'Fauntleroy Circus', 'London', NULL, 'EC2 5NT', 'Reino Unido', 59),
(10472, 8, '1997-03-12 00:00:00', '1997-04-09 00:00:00', '1997-03-19 00:00:00', 1, '4.2000', 'Seven Seas Imports', '90 Wadhurst Rd.', 'London', NULL, 'OX15 4NB', 'Reino Unido', 28),
(10473, 1, '1997-03-13 00:00:00', '1997-03-27 00:00:00', '1997-03-21 00:00:00', 3, '16.3700', 'Island Trading', 'Garden House\r\nCrowther Way', 'Cowes', 'Isle of Wight', 'PO31 7PJ', 'Reino Unido', 56),
(10474, 5, '1997-03-13 00:00:00', '1997-04-10 00:00:00', '1997-03-21 00:00:00', 2, '83.4900', 'Pericles Comidas clásicas', 'Calle Dr. Jorge Cash 321', 'México D.F.', NULL, '05033', 'México', 11),
(10475, 9, '1997-03-14 00:00:00', '1997-04-11 00:00:00', '1997-04-04 00:00:00', 1, '68.5200', 'Suprêmes délices', 'Boulevard Tirou, 255', 'Charleroi', NULL, 'B-6000', 'Bélgica', 70),
(10476, 8, '1997-03-17 00:00:00', '1997-04-14 00:00:00', '1997-03-24 00:00:00', 3, '4.4100', 'HILARIÓN-Abastos', 'Carrera 22 con Ave. Carlos Soublette #8-35', 'San Cristóbal', 'Táchira', '5022', 'Venezuela', 43),
(10477, 5, '1997-03-17 00:00:00', '1997-04-14 00:00:00', '1997-03-25 00:00:00', 2, '13.0200', 'Princesa Isabel Vinhos', 'Estrada da saúde n. 58', 'Lisboa', NULL, '1756', 'Portugal', 6),
(10478, 2, '1997-03-18 00:00:00', '1997-04-01 00:00:00', '1997-03-26 00:00:00', 3, '4.8100', 'Victuailles en stock', '2, rue du Commerce', 'Lyon', NULL, '69004', 'Francia', 83),
(10479, 3, '1997-03-19 00:00:00', '1997-04-16 00:00:00', '1997-03-21 00:00:00', 3, '708.9500', 'Rattlesnake Canyon Grocery', '2817 Milton Dr.', 'Albuquerque', 'NM', '87110', 'Estados Unidos', 33),
(10480, 6, '1997-03-20 00:00:00', '1997-04-17 00:00:00', '1997-03-24 00:00:00', 2, '1.3500', 'Folies gourmandes', '184, chaussée de Tournai', 'Lille', NULL, '59000', 'Francia', 5),
(10481, 8, '1997-03-20 00:00:00', '1997-04-17 00:00:00', '1997-03-25 00:00:00', 2, '64.3300', 'Ricardo Adocicados', 'Av. Copacabana, 267', 'Río de Janeiro', 'RJ', '02389-890', 'Brasil', 20),
(10482, 1, '1997-03-21 00:00:00', '1997-04-18 00:00:00', '1997-04-10 00:00:00', 3, '7.4800', 'Lazy K Kountry Store', '12 Orchestra Terrace', 'Walla Walla', 'WA', '99362', 'Estados Unidos', 83),
(10483, 7, '1997-03-24 00:00:00', '1997-04-21 00:00:00', '1997-04-25 00:00:00', 2, '15.2800', 'White Clover Markets', '1029 - 12th Ave. S.', 'Seattle', 'WA', '98124', 'Estados Unidos', 82),
(10484, 3, '1997-03-24 00:00:00', '1997-04-21 00:00:00', '1997-04-01 00:00:00', 3, '6.8800', 'B\'s Beverages', 'Fauntleroy Circus', 'London', NULL, 'EC2 5NT', 'Reino Unido', 68),
(10485, 4, '1997-03-25 00:00:00', '1997-04-08 00:00:00', '1997-03-31 00:00:00', 2, '64.4500', 'LINO-Delicateses', 'Ave. 5 de Mayo Porlamar', 'I. de Margarita', 'Nueva Esparta', '4980', 'Venezuela', 6),
(10486, 1, '1997-03-26 00:00:00', '1997-04-23 00:00:00', '1997-04-02 00:00:00', 2, '30.5300', 'HILARIÓN-Abastos', 'Carrera 22 con Ave. Carlos Soublette #8-35', 'San Cristóbal', 'Táchira', '5022', 'Venezuela', 8),
(10487, 2, '1997-03-26 00:00:00', '1997-04-23 00:00:00', '1997-03-28 00:00:00', 2, '71.0700', 'Queen Cozinha', 'Alameda dos Canàrios, 891', 'São Paulo', 'SP', '05487-020', 'Brasil', 21),
(10488, 8, '1997-03-27 00:00:00', '1997-04-24 00:00:00', '1997-04-02 00:00:00', 2, '4.9300', 'Frankenversand', 'Berliner Platz 43', 'München', NULL, '80805', 'Alemania', 82),
(10489, 6, '1997-03-28 00:00:00', '1997-04-25 00:00:00', '1997-04-09 00:00:00', 2, '5.2900', 'Piccolo und mehr', 'Geislweg 14', 'Salzburg', NULL, '5020', 'Austria', 74),
(10490, 7, '1997-03-31 00:00:00', '1997-04-28 00:00:00', '1997-04-03 00:00:00', 2, '210.1900', 'HILARIÓN-Abastos', 'Carrera 22 con Ave. Carlos Soublette #8-35', 'San Cristóbal', 'Táchira', '5022', 'Venezuela', 32),
(10491, 8, '1997-03-31 00:00:00', '1997-04-28 00:00:00', '1997-04-08 00:00:00', 3, '16.9600', 'Furia Bacalhau e Frutos do Mar', 'Jardim das rosas n. 32', 'Lisboa', NULL, '1675', 'Portugal', 30),
(10492, 3, '1997-04-01 00:00:00', '1997-04-29 00:00:00', '1997-04-11 00:00:00', 1, '62.8900', 'Bottom-Dollar Markets', '23 Tsawassen Blvd.', 'Tsawassen', 'BC', 'T2F 8M4', 'Canadá', 54),
(10493, 4, '1997-04-02 00:00:00', '1997-04-30 00:00:00', '1997-04-10 00:00:00', 3, '10.6400', 'La maison d\'Asie', '1 rue Alsace-Lorraine', 'Toulouse', NULL, '31000', 'Francia', 88),
(10494, 4, '1997-04-02 00:00:00', '1997-04-30 00:00:00', '1997-04-09 00:00:00', 2, '65.9900', 'Comércio Mineiro', 'Av. dos Lusíadas, 23', 'São Paulo', 'SP', '05432-043', 'Brasil', 8),
(10495, 3, '1997-04-03 00:00:00', '1997-05-01 00:00:00', '1997-04-11 00:00:00', 3, '4.6500', 'Laughing Bacchus Wine Cellars', '2319 Elm St.', 'Vancouver', 'BC', 'V3F 2K1', 'Canadá', 45),
(10496, 7, '1997-04-04 00:00:00', '1997-05-02 00:00:00', '1997-04-07 00:00:00', 2, '46.7700', 'Tradição Hipermercados', 'Av. Inês de Castro, 414', 'São Paulo', 'SP', '05634-030', 'Brasil', 23),
(10497, 7, '1997-04-04 00:00:00', '1997-05-02 00:00:00', '1997-04-07 00:00:00', 1, '36.2100', 'Lehmanns Marktstand', 'Magazinweg 7', 'Frankfurt a.M. ', NULL, '60528', 'Alemania', 68),
(10498, 8, '1997-04-07 00:00:00', '1997-05-05 00:00:00', '1997-04-11 00:00:00', 2, '29.7500', 'HILARIÓN-Abastos', 'Carrera 22 con Ave. Carlos Soublette #8-35', 'San Cristóbal', 'Táchira', '5022', 'Venezuela', 88),
(10499, 4, '1997-04-08 00:00:00', '1997-05-06 00:00:00', '1997-04-16 00:00:00', 2, '102.0200', 'LILA-Supermercado', 'Carrera 52 con Ave. Bolívar #65-98 Llano Largo', 'Barquisimeto', 'Lara', '3508', 'Venezuela', 55),
(10500, 6, '1997-04-09 00:00:00', '1997-05-07 00:00:00', '1997-04-17 00:00:00', 1, '42.6800', 'La maison d\'Asie', '1 rue Alsace-Lorraine', 'Toulouse', NULL, '31000', 'Francia', 12),
(10501, 9, '1997-04-09 00:00:00', '1997-05-07 00:00:00', '1997-04-16 00:00:00', 3, '8.8500', 'Blauer See Delikatessen', 'Forsterstr. 57', 'Mannheim', NULL, '68306', 'Alemania', 75),
(10502, 2, '1997-04-10 00:00:00', '1997-05-08 00:00:00', '1997-04-29 00:00:00', 1, '69.3200', 'Pericles Comidas clásicas', 'Calle Dr. Jorge Cash 321', 'México D.F.', NULL, '05033', 'México', 68),
(10503, 6, '1997-04-11 00:00:00', '1997-05-09 00:00:00', '1997-04-16 00:00:00', 2, '16.7400', 'Hungry Owl All-Night Grocers', '8 Johnstown Road', 'Cork', 'Co. Cork', NULL, 'Irlanda', 23),
(10504, 4, '1997-04-11 00:00:00', '1997-05-09 00:00:00', '1997-04-18 00:00:00', 3, '59.1300', 'White Clover Markets', '1029 - 12th Ave. S.', 'Seattle', 'WA', '98124', 'Estados Unidos', 1),
(10505, 3, '1997-04-14 00:00:00', '1997-05-12 00:00:00', '1997-04-21 00:00:00', 3, '7.1300', 'Mère Paillarde', '43 rue St. Laurent', 'Montréal', 'Québec', 'H1J 1C3', 'Canadá', 26),
(10506, 9, '1997-04-15 00:00:00', '1997-05-13 00:00:00', '1997-05-02 00:00:00', 2, '21.1900', 'Königlich Essen', 'Maubelstr. 90', 'Brandenburg', NULL, '14776', 'Alemania', 39),
(10507, 7, '1997-04-15 00:00:00', '1997-05-13 00:00:00', '1997-04-22 00:00:00', 1, '47.4500', 'Antonio Moreno Taquería', 'Mataderos  2312', 'México D.F.', NULL, '05023', 'México', 25),
(10508, 1, '1997-04-16 00:00:00', '1997-05-14 00:00:00', '1997-05-13 00:00:00', 2, '4.9900', 'Ottilies Käseladen', 'Mehrheimerstr. 369', 'Köln', NULL, '50739', 'Alemania', 7),
(10509, 4, '1997-04-17 00:00:00', '1997-05-15 00:00:00', '1997-04-29 00:00:00', 1, '0.1500', 'Blauer See Delikatessen', 'Forsterstr. 57', 'Mannheim', NULL, '68306', 'Alemania', 52),
(10510, 6, '1997-04-18 00:00:00', '1997-05-16 00:00:00', '1997-04-28 00:00:00', 3, '367.6300', 'Save-a-lot Markets', '187 Suffolk Ln.', 'Boise', 'ID', '83720', 'Estados Unidos', 56),
(10511, 4, '1997-04-18 00:00:00', '1997-05-16 00:00:00', '1997-04-21 00:00:00', 3, '350.6400', 'Bon app\'', '12, rue des Bouchers', 'Marseille', NULL, '13008', 'Francia', 32),
(10512, 7, '1997-04-21 00:00:00', '1997-05-19 00:00:00', '1997-04-24 00:00:00', 2, '3.5300', 'Familia Arquibaldo', 'Rua Orós, 92', 'São Paulo', 'SP', '05442-030', 'Brasil', 82),
(10513, 7, '1997-04-22 00:00:00', '1997-06-03 00:00:00', '1997-04-28 00:00:00', 1, '105.6500', 'Die Wandernde Kuh', 'Adenauerallee 900', 'Stuttgart', NULL, '70563', 'Alemania', 43),
(10514, 3, '1997-04-22 00:00:00', '1997-05-20 00:00:00', '1997-05-16 00:00:00', 2, '789.9500', 'Ernst Handel', 'Kirchgasse 6', 'Graz', NULL, '8010', 'Austria', 62),
(10515, 2, '1997-04-23 00:00:00', '1997-05-07 00:00:00', '1997-05-23 00:00:00', 1, '204.4700', 'QUICK-Stop', 'Taucherstraße 10', 'Cunewalde', NULL, '01307', 'Alemania', 87),
(10516, 2, '1997-04-24 00:00:00', '1997-05-22 00:00:00', '1997-05-01 00:00:00', 3, '62.7800', 'Hungry Owl All-Night Grocers', '8 Johnstown Road', 'Cork', 'Co. Cork', NULL, 'Irlanda', 67),
(10517, 3, '1997-04-24 00:00:00', '1997-05-22 00:00:00', '1997-04-29 00:00:00', 3, '32.0700', 'North/South', 'South House\r\n300 Queensbridge', 'London', NULL, 'SW7 1RZ', 'Reino Unido', 76),
(10518, 4, '1997-04-25 00:00:00', '1997-05-09 00:00:00', '1997-05-05 00:00:00', 2, '218.1500', 'Tortuga Restaurante', 'Avda. Azteca 123', 'México D.F.', NULL, '05033', 'México', 85),
(10519, 6, '1997-04-28 00:00:00', '1997-05-26 00:00:00', '1997-05-01 00:00:00', 3, '91.7600', 'Chop-suey Chinese', 'Hauptstr. 31', 'Bern', NULL, '3012', 'Suiza', 18),
(10520, 7, '1997-04-29 00:00:00', '1997-05-27 00:00:00', '1997-05-01 00:00:00', 1, '13.3700', 'Santé Gourmet', 'Erling Skakkes gate 78', 'Stavern', NULL, '4110', 'Noruega', 18);
INSERT INTO `pedidos` (`idpedido`, `idempleado`, `fechapedido`, `fechaentrega`, `fechaenvio`, `idempresaenvio`, `cargo`, `destinatario`, `direcciondestinatario`, `ciudaddestinatario`, `regiondestinatario`, `codigopostaldestinatario`, `paisdestinatario`, `idcliente`) VALUES
(10521, 8, '1997-04-29 00:00:00', '1997-05-27 00:00:00', '1997-05-02 00:00:00', 2, '17.2200', 'Cactus Comidas para llevar', 'Cerrito 333', 'Buenos Aires', NULL, '1010', 'Argentina', 33),
(10522, 4, '1997-04-30 00:00:00', '1997-05-28 00:00:00', '1997-05-06 00:00:00', 1, '45.3300', 'Lehmanns Marktstand', 'Magazinweg 7', 'Frankfurt a.M. ', NULL, '60528', 'Alemania', 20),
(10523, 7, '1997-05-01 00:00:00', '1997-05-29 00:00:00', '1997-05-30 00:00:00', 2, '77.6300', 'Seven Seas Imports', '90 Wadhurst Rd.', 'London', NULL, 'OX15 4NB', 'Reino Unido', 91),
(10524, 1, '1997-05-01 00:00:00', '1997-05-29 00:00:00', '1997-05-07 00:00:00', 2, '244.7900', 'Berglunds snabbköp', 'Berguvsvägen  8', 'Luleå', NULL, 'S-958 22', 'Suecia', 32),
(10525, 1, '1997-05-02 00:00:00', '1997-05-30 00:00:00', '1997-05-23 00:00:00', 2, '11.0600', 'Bon app\'', '12, rue des Bouchers', 'Marseille', NULL, '13008', 'Francia', 67),
(10526, 4, '1997-05-05 00:00:00', '1997-06-02 00:00:00', '1997-05-15 00:00:00', 2, '58.5900', 'Wartian Herkku', 'Torikatu 38', 'Oulu', NULL, '90110', 'Finlandia', 61),
(10527, 7, '1997-05-05 00:00:00', '1997-06-02 00:00:00', '1997-05-07 00:00:00', 1, '41.9000', 'QUICK-Stop', 'Taucherstraße 10', 'Cunewalde', NULL, '01307', 'Alemania', 9),
(10528, 6, '1997-05-06 00:00:00', '1997-05-20 00:00:00', '1997-05-09 00:00:00', 2, '3.3500', 'Great Lakes Food Market', '2732 Baker Blvd.', 'Eugene', 'OR', '97403', 'Estados Unidos', 46),
(10529, 5, '1997-05-07 00:00:00', '1997-06-04 00:00:00', '1997-05-09 00:00:00', 2, '66.6900', 'Maison Dewey', 'Rue Joseph-Bens 532', 'Bruxelles', NULL, 'B-1180', 'Bélgica', 22),
(10530, 3, '1997-05-08 00:00:00', '1997-06-05 00:00:00', '1997-05-12 00:00:00', 2, '339.2200', 'Piccolo und mehr', 'Geislweg 14', 'Salzburg', NULL, '5020', 'Austria', 64),
(10531, 7, '1997-05-08 00:00:00', '1997-06-05 00:00:00', '1997-05-19 00:00:00', 1, '8.1200', 'Océano Atlántico Ltda.', 'Ing. Gustavo Moncada 8585\r\nPiso 20-A', 'Buenos Aires', NULL, '1010', 'Argentina', 71),
(10532, 7, '1997-05-09 00:00:00', '1997-06-06 00:00:00', '1997-05-12 00:00:00', 3, '74.4600', 'Eastern Connection', '35 King George', 'London', NULL, 'WX3 6FW', 'Reino Unido', 73),
(10533, 8, '1997-05-12 00:00:00', '1997-06-09 00:00:00', '1997-05-22 00:00:00', 1, '188.0400', 'Folk och fä HB', 'Åkergatan 24', 'Bräcke', NULL, 'S-844 67', 'Suecia', 62),
(10534, 8, '1997-05-12 00:00:00', '1997-06-09 00:00:00', '1997-05-14 00:00:00', 2, '27.9400', 'Lehmanns Marktstand', 'Magazinweg 7', 'Frankfurt a.M. ', NULL, '60528', 'Alemania', 89),
(10535, 4, '1997-05-13 00:00:00', '1997-06-10 00:00:00', '1997-05-21 00:00:00', 1, '15.6400', 'Antonio Moreno Taquería', 'Mataderos  2312', 'México D.F.', NULL, '05023', 'México', 79),
(10536, 3, '1997-05-14 00:00:00', '1997-06-11 00:00:00', '1997-06-06 00:00:00', 2, '58.8800', 'Lehmanns Marktstand', 'Magazinweg 7', 'Frankfurt a.M. ', NULL, '60528', 'Alemania', 36),
(10537, 1, '1997-05-14 00:00:00', '1997-05-28 00:00:00', '1997-05-19 00:00:00', 1, '78.8500', 'Richter Supermarkt', 'Starenweg 5', 'Genève', NULL, '1204', 'Suiza', 36),
(10538, 9, '1997-05-15 00:00:00', '1997-06-12 00:00:00', '1997-05-16 00:00:00', 3, '4.8700', 'B\'s Beverages', 'Fauntleroy Circus', 'London', NULL, 'EC2 5NT', 'Reino Unido', 69),
(10539, 6, '1997-05-16 00:00:00', '1997-06-13 00:00:00', '1997-05-23 00:00:00', 3, '12.3600', 'B\'s Beverages', 'Fauntleroy Circus', 'London', NULL, 'EC2 5NT', 'Reino Unido', 56),
(10540, 3, '1997-05-19 00:00:00', '1997-06-16 00:00:00', '1997-06-13 00:00:00', 3, '1007.6400', 'QUICK-Stop', 'Taucherstraße 10', 'Cunewalde', NULL, '01307', 'Alemania', 72),
(10541, 2, '1997-05-19 00:00:00', '1997-06-16 00:00:00', '1997-05-29 00:00:00', 1, '68.6500', 'Hanari Carnes', 'Rua do Paço, 67', 'Río de Janeiro', 'RJ', '05454-876', 'Brasil', 12),
(10542, 1, '1997-05-20 00:00:00', '1997-06-17 00:00:00', '1997-05-26 00:00:00', 3, '10.9500', 'Königlich Essen', 'Maubelstr. 90', 'Brandenburg', NULL, '14776', 'Alemania', 23),
(10543, 8, '1997-05-21 00:00:00', '1997-06-18 00:00:00', '1997-05-23 00:00:00', 2, '48.1700', 'LILA-Supermercado', 'Carrera 52 con Ave. Bolívar #65-98 Llano Largo', 'Barquisimeto', 'Lara', '3508', 'Venezuela', 83),
(10544, 4, '1997-05-21 00:00:00', '1997-06-18 00:00:00', '1997-05-30 00:00:00', 1, '24.9100', 'Lonesome Pine Restaurant', '89 Chiaroscuro Rd.', 'Portland', 'OR', '97219', 'Estados Unidos', 69),
(10545, 8, '1997-05-22 00:00:00', '1997-06-19 00:00:00', '1997-06-26 00:00:00', 2, '11.9200', 'Lazy K Kountry Store', '12 Orchestra Terrace', 'Walla Walla', 'WA', '99362', 'Estados Unidos', 8),
(10546, 1, '1997-05-23 00:00:00', '1997-06-20 00:00:00', '1997-05-27 00:00:00', 3, '194.7200', 'Victuailles en stock', '2, rue du Commerce', 'Lyon', NULL, '69004', 'Francia', 15),
(10547, 3, '1997-05-23 00:00:00', '1997-06-20 00:00:00', '1997-06-02 00:00:00', 2, '178.4300', 'Seven Seas Imports', '90 Wadhurst Rd.', 'London', NULL, 'OX15 4NB', 'Reino Unido', 50),
(10548, 3, '1997-05-26 00:00:00', '1997-06-23 00:00:00', '1997-06-02 00:00:00', 2, '1.4300', 'Toms Spezialitäten', 'Luisenstr. 48', 'Münster', NULL, '44087', 'Alemania', 23),
(10549, 5, '1997-05-27 00:00:00', '1997-06-10 00:00:00', '1997-05-30 00:00:00', 1, '171.2400', 'QUICK-Stop', 'Taucherstraße 10', 'Cunewalde', NULL, '01307', 'Alemania', 58),
(10550, 7, '1997-05-28 00:00:00', '1997-06-25 00:00:00', '1997-06-06 00:00:00', 3, '4.3200', 'Godos Cocina Típica', 'C/ Romero, 33', 'Sevilla', NULL, '41101', 'España', 38),
(10551, 4, '1997-05-28 00:00:00', '1997-07-09 00:00:00', '1997-06-06 00:00:00', 3, '72.9500', 'Furia Bacalhau e Frutos do Mar', 'Jardim das rosas n. 32', 'Lisboa', NULL, '1675', 'Portugal', 17),
(10552, 2, '1997-05-29 00:00:00', '1997-06-26 00:00:00', '1997-06-05 00:00:00', 1, '83.2200', 'HILARIÓN-Abastos', 'Carrera 22 con Ave. Carlos Soublette #8-35', 'San Cristóbal', 'Táchira', '5022', 'Venezuela', 62),
(10553, 2, '1997-05-30 00:00:00', '1997-06-27 00:00:00', '1997-06-03 00:00:00', 2, '149.4900', 'Wartian Herkku', 'Torikatu 38', 'Oulu', NULL, '90110', 'Finlandia', 77),
(10554, 4, '1997-05-30 00:00:00', '1997-06-27 00:00:00', '1997-06-05 00:00:00', 3, '120.9700', 'Ottilies Käseladen', 'Mehrheimerstr. 369', 'Köln', NULL, '50739', 'Alemania', 15),
(10555, 6, '1997-06-02 00:00:00', '1997-06-30 00:00:00', '1997-06-04 00:00:00', 3, '252.4900', 'Save-a-lot Markets', '187 Suffolk Ln.', 'Boise', 'ID', '83720', 'Estados Unidos', 28),
(10556, 2, '1997-06-03 00:00:00', '1997-07-15 00:00:00', '1997-06-13 00:00:00', 1, '9.8000', 'Simons bistro', 'Vinbæltet 34', 'København', NULL, '1734', 'Dinamarca', 5),
(10557, 9, '1997-06-03 00:00:00', '1997-06-17 00:00:00', '1997-06-06 00:00:00', 2, '96.7200', 'Lehmanns Marktstand', 'Magazinweg 7', 'Frankfurt a.M. ', NULL, '60528', 'Alemania', 32),
(10558, 1, '1997-06-04 00:00:00', '1997-07-02 00:00:00', '1997-06-10 00:00:00', 2, '72.9700', 'Around the Horn', 'Brook Farm\r\nStratford St. Mary', 'Colchester', 'Essex', 'CO7 6JX', 'Reino Unido', 53),
(10559, 6, '1997-06-05 00:00:00', '1997-07-03 00:00:00', '1997-06-13 00:00:00', 1, '8.0500', 'Blondel père et fils', '24, place Kléber', 'Strasbourg', NULL, '67000', 'Francia', 80),
(10560, 8, '1997-06-06 00:00:00', '1997-07-04 00:00:00', '1997-06-09 00:00:00', 1, '36.6500', 'Frankenversand', 'Berliner Platz 43', 'München', NULL, '80805', 'Alemania', 59),
(10561, 2, '1997-06-06 00:00:00', '1997-07-04 00:00:00', '1997-06-09 00:00:00', 2, '242.2100', 'Folk och fä HB', 'Åkergatan 24', 'Bräcke', NULL, 'S-844 67', 'Suecia', 52),
(10562, 1, '1997-06-09 00:00:00', '1997-07-07 00:00:00', '1997-06-12 00:00:00', 1, '22.9500', 'Reggiani Caseifici', 'Strada Provinciale 124', 'Reggio Emilia', NULL, '42100', 'Italia', 85),
(10563, 2, '1997-06-10 00:00:00', '1997-07-22 00:00:00', '1997-06-24 00:00:00', 2, '60.4300', 'Ricardo Adocicados', 'Av. Copacabana, 267', 'Río de Janeiro', 'RJ', '02389-890', 'Brasil', 88),
(10564, 4, '1997-06-10 00:00:00', '1997-07-08 00:00:00', '1997-06-16 00:00:00', 3, '13.7500', 'Rattlesnake Canyon Grocery', '2817 Milton Dr.', 'Albuquerque', 'NM', '87110', 'Estados Unidos', 1),
(10565, 8, '1997-06-11 00:00:00', '1997-07-09 00:00:00', '1997-06-18 00:00:00', 2, '7.1500', 'Mère Paillarde', '43 rue St. Laurent', 'Montréal', 'Québec', 'H1J 1C3', 'Canadá', 15),
(10566, 9, '1997-06-12 00:00:00', '1997-07-10 00:00:00', '1997-06-18 00:00:00', 1, '88.4000', 'Blondel père et fils', '24, place Kléber', 'Strasbourg', NULL, '67000', 'Francia', 71),
(10567, 1, '1997-06-12 00:00:00', '1997-07-10 00:00:00', '1997-06-17 00:00:00', 1, '33.9700', 'Hungry Owl All-Night Grocers', '8 Johnstown Road', 'Cork', 'Co. Cork', NULL, 'Irlanda', 40),
(10568, 3, '1997-06-13 00:00:00', '1997-07-11 00:00:00', '1997-07-09 00:00:00', 3, '6.5400', 'Galería del gastronómo', 'Rambla de Cataluña, 23', 'Barcelona', NULL, '8022', 'España', 74),
(10569, 5, '1997-06-16 00:00:00', '1997-07-14 00:00:00', '1997-07-11 00:00:00', 1, '58.9800', 'Rattlesnake Canyon Grocery', '2817 Milton Dr.', 'Albuquerque', 'NM', '87110', 'Estados Unidos', 71),
(10570, 3, '1997-06-17 00:00:00', '1997-07-15 00:00:00', '1997-06-19 00:00:00', 3, '188.9900', 'Mère Paillarde', '43 rue St. Laurent', 'Montréal', 'Québec', 'H1J 1C3', 'Canadá', 40),
(10571, 8, '1997-06-17 00:00:00', '1997-07-29 00:00:00', '1997-07-04 00:00:00', 3, '26.0600', 'Ernst Handel', 'Kirchgasse 6', 'Graz', NULL, '8010', 'Austria', 81),
(10572, 3, '1997-06-18 00:00:00', '1997-07-16 00:00:00', '1997-06-25 00:00:00', 2, '116.4300', 'Berglunds snabbköp', 'Berguvsvägen  8', 'Luleå', NULL, 'S-958 22', 'Suecia', 9),
(10573, 7, '1997-06-19 00:00:00', '1997-07-17 00:00:00', '1997-06-20 00:00:00', 3, '84.8400', 'Antonio Moreno Taquería', 'Mataderos  2312', 'México D.F.', NULL, '05023', 'México', 76),
(10574, 4, '1997-06-19 00:00:00', '1997-07-17 00:00:00', '1997-06-30 00:00:00', 2, '37.6000', 'Trail\'s Head Gourmet Provisioners', '722 DaVinci Blvd.', 'Kirkland', 'WA', '98034', 'Estados Unidos', 79),
(10575, 5, '1997-06-20 00:00:00', '1997-07-04 00:00:00', '1997-06-30 00:00:00', 1, '127.3400', 'Morgenstern Gesundkost', 'Heerstr. 22', 'Leipzig', NULL, '04179', 'Alemania', 77),
(10576, 3, '1997-06-23 00:00:00', '1997-07-07 00:00:00', '1997-06-30 00:00:00', 3, '18.5600', 'Tortuga Restaurante', 'Avda. Azteca 123', 'México D.F.', NULL, '05033', 'México', 55),
(10577, 9, '1997-06-23 00:00:00', '1997-08-04 00:00:00', '1997-06-30 00:00:00', 2, '25.4100', 'Trail\'s Head Gourmet Provisioners', '722 DaVinci Blvd.', 'Kirkland', 'WA', '98034', 'Estados Unidos', 45),
(10578, 4, '1997-06-24 00:00:00', '1997-07-22 00:00:00', '1997-07-25 00:00:00', 3, '29.6000', 'B\'s Beverages', 'Fauntleroy Circus', 'London', NULL, 'EC2 5NT', 'Reino Unido', 61),
(10579, 1, '1997-06-25 00:00:00', '1997-07-23 00:00:00', '1997-07-04 00:00:00', 2, '13.7300', 'Let\'s Stop N Shop', '87 Polk St.\r\nSuite 5', 'San Francisco', 'CA', '94117', 'Estados Unidos', 77),
(10580, 4, '1997-06-26 00:00:00', '1997-07-24 00:00:00', '1997-07-01 00:00:00', 3, '75.8900', 'Ottilies Käseladen', 'Mehrheimerstr. 369', 'Köln', NULL, '50739', 'Alemania', 23),
(10581, 3, '1997-06-26 00:00:00', '1997-07-24 00:00:00', '1997-07-02 00:00:00', 1, '3.0100', 'Familia Arquibaldo', 'Rua Orós, 92', 'São Paulo', 'SP', '05442-030', 'Brasil', 65),
(10582, 3, '1997-06-27 00:00:00', '1997-07-25 00:00:00', '1997-07-14 00:00:00', 2, '27.7100', 'Blauer See Delikatessen', 'Forsterstr. 57', 'Mannheim', NULL, '68306', 'Alemania', 74),
(10583, 2, '1997-06-30 00:00:00', '1997-07-28 00:00:00', '1997-07-04 00:00:00', 2, '7.2800', 'Wartian Herkku', 'Torikatu 38', 'Oulu', NULL, '90110', 'Finlandia', 84),
(10584, 4, '1997-06-30 00:00:00', '1997-07-28 00:00:00', '1997-07-04 00:00:00', 1, '59.1400', 'Blondel père et fils', '24, place Kléber', 'Strasbourg', NULL, '67000', 'Francia', 17),
(10585, 7, '1997-07-01 00:00:00', '1997-07-29 00:00:00', '1997-07-10 00:00:00', 1, '13.4100', 'Wellington Importadora', 'Rua do Mercado, 12', 'Resende', 'SP', '08737-363', 'Brasil', 16),
(10586, 9, '1997-07-02 00:00:00', '1997-07-30 00:00:00', '1997-07-09 00:00:00', 1, '0.4800', 'Reggiani Caseifici', 'Strada Provinciale 124', 'Reggio Emilia', NULL, '42100', 'Italia', 27),
(10587, 1, '1997-07-02 00:00:00', '1997-07-30 00:00:00', '1997-07-09 00:00:00', 1, '62.5200', 'Que Delícia', 'Rua da Panificadora, 12', 'Río de Janeiro', 'RJ', '02389-673', 'Brasil', 86),
(10588, 2, '1997-07-03 00:00:00', '1997-07-31 00:00:00', '1997-07-10 00:00:00', 3, '194.6700', 'QUICK-Stop', 'Taucherstraße 10', 'Cunewalde', NULL, '01307', 'Alemania', 76),
(10589, 8, '1997-07-04 00:00:00', '1997-08-01 00:00:00', '1997-07-14 00:00:00', 2, '4.4200', 'Great Lakes Food Market', '2732 Baker Blvd.', 'Eugene', 'OR', '97403', 'Estados Unidos', 32),
(10590, 4, '1997-07-07 00:00:00', '1997-08-04 00:00:00', '1997-07-14 00:00:00', 3, '44.7700', 'Mère Paillarde', '43 rue St. Laurent', 'Montréal', 'Québec', 'H1J 1C3', 'Canadá', 25),
(10591, 1, '1997-07-07 00:00:00', '1997-07-21 00:00:00', '1997-07-16 00:00:00', 1, '55.9200', 'Vaffeljernet', 'Smagsløget 45', 'Århus', NULL, '8200', 'Dinamarca', 26),
(10592, 3, '1997-07-08 00:00:00', '1997-08-05 00:00:00', '1997-07-16 00:00:00', 1, '32.1000', 'Lehmanns Marktstand', 'Magazinweg 7', 'Frankfurt a.M. ', NULL, '60528', 'Alemania', 57),
(10593, 7, '1997-07-09 00:00:00', '1997-08-06 00:00:00', '1997-08-13 00:00:00', 2, '174.2000', 'Lehmanns Marktstand', 'Magazinweg 7', 'Frankfurt a.M. ', NULL, '60528', 'Alemania', 25),
(10594, 3, '1997-07-09 00:00:00', '1997-08-06 00:00:00', '1997-07-16 00:00:00', 2, '5.2400', 'Old World Delicatessen', '2743 Bering St.', 'Anchorage', 'AK', '99508', 'Estados Unidos', 43),
(10595, 2, '1997-07-10 00:00:00', '1997-08-07 00:00:00', '1997-07-14 00:00:00', 1, '96.7800', 'Ernst Handel', 'Kirchgasse 6', 'Graz', NULL, '8010', 'Austria', 50),
(10596, 8, '1997-07-11 00:00:00', '1997-08-08 00:00:00', '1997-08-12 00:00:00', 1, '16.3400', 'White Clover Markets', '1029 - 12th Ave. S.', 'Seattle', 'WA', '98124', 'Estados Unidos', 31),
(10597, 7, '1997-07-11 00:00:00', '1997-08-08 00:00:00', '1997-07-18 00:00:00', 3, '35.1200', 'Piccolo und mehr', 'Geislweg 14', 'Salzburg', NULL, '5020', 'Austria', 3),
(10598, 1, '1997-07-14 00:00:00', '1997-08-11 00:00:00', '1997-07-18 00:00:00', 3, '44.4200', 'Rattlesnake Canyon Grocery', '2817 Milton Dr.', 'Albuquerque', 'NM', '87110', 'Estados Unidos', 12),
(10599, 6, '1997-07-15 00:00:00', '1997-08-26 00:00:00', '1997-07-21 00:00:00', 3, '29.9800', 'B\'s Beverages', 'Fauntleroy Circus', 'London', NULL, 'EC2 5NT', 'Reino Unido', 53),
(10600, 4, '1997-07-16 00:00:00', '1997-08-13 00:00:00', '1997-07-21 00:00:00', 1, '45.1300', 'Hungry Coyote Import Store', 'City Center Plaza\r\n516 Main St.', 'Elgin', 'OR', '97827', 'Estados Unidos', 47),
(10601, 7, '1997-07-16 00:00:00', '1997-08-27 00:00:00', '1997-07-22 00:00:00', 1, '58.3000', 'HILARIÓN-Abastos', 'Carrera 22 con Ave. Carlos Soublette #8-35', 'San Cristóbal', 'Táchira', '5022', 'Venezuela', 76),
(10602, 8, '1997-07-17 00:00:00', '1997-08-14 00:00:00', '1997-07-22 00:00:00', 2, '2.9200', 'Vaffeljernet', 'Smagsløget 45', 'Århus', NULL, '8200', 'Dinamarca', 59),
(10603, 8, '1997-07-18 00:00:00', '1997-08-15 00:00:00', '1997-08-08 00:00:00', 2, '48.7700', 'Save-a-lot Markets', '187 Suffolk Ln.', 'Boise', 'ID', '83720', 'Estados Unidos', 65),
(10604, 1, '1997-07-18 00:00:00', '1997-08-15 00:00:00', '1997-07-29 00:00:00', 1, '7.4600', 'Furia Bacalhau e Frutos do Mar', 'Jardim das rosas n. 32', 'Lisboa', NULL, '1675', 'Portugal', 57),
(10605, 1, '1997-07-21 00:00:00', '1997-08-18 00:00:00', '1997-07-29 00:00:00', 2, '379.1300', 'Mère Paillarde', '43 rue St. Laurent', 'Montréal', 'Québec', 'H1J 1C3', 'Canadá', 90),
(10606, 4, '1997-07-22 00:00:00', '1997-08-19 00:00:00', '1997-07-31 00:00:00', 3, '79.4000', 'Tradição Hipermercados', 'Av. Inês de Castro, 414', 'São Paulo', 'SP', '05634-030', 'Brasil', 6),
(10607, 5, '1997-07-22 00:00:00', '1997-08-19 00:00:00', '1997-07-25 00:00:00', 1, '200.2400', 'Save-a-lot Markets', '187 Suffolk Ln.', 'Boise', 'ID', '83720', 'Estados Unidos', 32),
(10608, 4, '1997-07-23 00:00:00', '1997-08-20 00:00:00', '1997-08-01 00:00:00', 2, '27.7900', 'Toms Spezialitäten', 'Luisenstr. 48', 'Münster', NULL, '44087', 'Alemania', 53),
(10609, 7, '1997-07-24 00:00:00', '1997-08-21 00:00:00', '1997-07-30 00:00:00', 2, '1.8500', 'Du monde entier', '67, rue des Cinquante Otages', 'Nantes', NULL, '44000', 'Francia', 77),
(10610, 8, '1997-07-25 00:00:00', '1997-08-22 00:00:00', '1997-08-06 00:00:00', 1, '26.7800', 'La maison d\'Asie', '1 rue Alsace-Lorraine', 'Toulouse', NULL, '31000', 'Francia', 42),
(10611, 6, '1997-07-25 00:00:00', '1997-08-22 00:00:00', '1997-08-01 00:00:00', 2, '80.6500', 'Wolski Zajazd', 'ul. Filtrowa 68', 'Warszawa', NULL, '01-012', 'Polonia', 72),
(10612, 1, '1997-07-28 00:00:00', '1997-08-25 00:00:00', '1997-08-01 00:00:00', 2, '544.0800', 'Save-a-lot Markets', '187 Suffolk Ln.', 'Boise', 'ID', '83720', 'Estados Unidos', 52),
(10613, 4, '1997-07-29 00:00:00', '1997-08-26 00:00:00', '1997-08-01 00:00:00', 2, '8.1100', 'HILARIÓN-Abastos', 'Carrera 22 con Ave. Carlos Soublette #8-35', 'San Cristóbal', 'Táchira', '5022', 'Venezuela', 45),
(10614, 8, '1997-07-29 00:00:00', '1997-08-26 00:00:00', '1997-08-01 00:00:00', 3, '1.9300', 'Blauer See Delikatessen', 'Forsterstr. 57', 'Mannheim', NULL, '68306', 'Alemania', 67),
(10615, 2, '1997-07-30 00:00:00', '1997-08-27 00:00:00', '1997-08-06 00:00:00', 3, '0.7500', 'Wilman Kala', 'Keskuskatu 45', 'Helsinki', NULL, '21240', 'Finlandia', 19),
(10616, 1, '1997-07-31 00:00:00', '1997-08-28 00:00:00', '1997-08-05 00:00:00', 2, '116.5300', 'Great Lakes Food Market', '2732 Baker Blvd.', 'Eugene', 'OR', '97403', 'Estados Unidos', 74),
(10617, 4, '1997-07-31 00:00:00', '1997-08-28 00:00:00', '1997-08-04 00:00:00', 2, '18.5300', 'Great Lakes Food Market', '2732 Baker Blvd.', 'Eugene', 'OR', '97403', 'Estados Unidos', 43),
(10618, 1, '1997-08-01 00:00:00', '1997-09-12 00:00:00', '1997-08-08 00:00:00', 1, '154.6800', 'Mère Paillarde', '43 rue St. Laurent', 'Montréal', 'Québec', 'H1J 1C3', 'Canadá', 82),
(10619, 3, '1997-08-04 00:00:00', '1997-09-01 00:00:00', '1997-08-07 00:00:00', 3, '91.0500', 'Mère Paillarde', '43 rue St. Laurent', 'Montréal', 'Québec', 'H1J 1C3', 'Canadá', 10),
(10620, 2, '1997-08-05 00:00:00', '1997-09-02 00:00:00', '1997-08-14 00:00:00', 3, '0.9400', 'Laughing Bacchus Wine Cellars', '2319 Elm St.', 'Vancouver', 'BC', 'V3F 2K1', 'Canadá', 78),
(10621, 4, '1997-08-05 00:00:00', '1997-09-02 00:00:00', '1997-08-11 00:00:00', 2, '23.7300', 'Island Trading', 'Garden House\r\nCrowther Way', 'Cowes', 'Isle of Wight', 'PO31 7PJ', 'Reino Unido', 84),
(10622, 4, '1997-08-06 00:00:00', '1997-09-03 00:00:00', '1997-08-11 00:00:00', 3, '50.9700', 'Ricardo Adocicados', 'Av. Copacabana, 267', 'Río de Janeiro', 'RJ', '02389-890', 'Brasil', 6),
(10623, 8, '1997-08-07 00:00:00', '1997-09-04 00:00:00', '1997-08-12 00:00:00', 2, '97.1800', 'Frankenversand', 'Berliner Platz 43', 'München', NULL, '80805', 'Alemania', 50),
(10624, 4, '1997-08-07 00:00:00', '1997-09-04 00:00:00', '1997-08-19 00:00:00', 2, '94.8000', 'The Cracker Box', '55 Grizzly Peak Rd.', 'Butte', 'MT', '59801', 'Estados Unidos', 51),
(10625, 3, '1997-08-08 00:00:00', '1997-09-05 00:00:00', '1997-08-14 00:00:00', 1, '43.9000', 'Ana Trujillo Emparedados y helados', 'Avda. de la Constitución 2222', 'México D.F.', NULL, '05021', 'México', 16),
(10626, 1, '1997-08-11 00:00:00', '1997-09-08 00:00:00', '1997-08-20 00:00:00', 2, '138.6900', 'Berglunds snabbköp', 'Berguvsvägen  8', 'Luleå', NULL, 'S-958 22', 'Suecia', 15),
(10627, 8, '1997-08-11 00:00:00', '1997-09-22 00:00:00', '1997-08-21 00:00:00', 3, '107.4600', 'Save-a-lot Markets', '187 Suffolk Ln.', 'Boise', 'ID', '83720', 'Estados Unidos', 26),
(10628, 4, '1997-08-12 00:00:00', '1997-09-09 00:00:00', '1997-08-20 00:00:00', 3, '30.3600', 'Blondel père et fils', '24, place Kléber', 'Strasbourg', NULL, '67000', 'Francia', 87),
(10629, 4, '1997-08-12 00:00:00', '1997-09-09 00:00:00', '1997-08-20 00:00:00', 3, '85.4600', 'Godos Cocina Típica', 'C/ Romero, 33', 'Sevilla', NULL, '41101', 'España', 82),
(10630, 1, '1997-08-13 00:00:00', '1997-09-10 00:00:00', '1997-08-19 00:00:00', 2, '32.3500', 'Königlich Essen', 'Maubelstr. 90', 'Brandenburg', NULL, '14776', 'Alemania', 59),
(10631, 8, '1997-08-14 00:00:00', '1997-09-11 00:00:00', '1997-08-15 00:00:00', 1, '0.8700', 'La maison d\'Asie', '1 rue Alsace-Lorraine', 'Toulouse', NULL, '31000', 'Francia', 50),
(10632, 8, '1997-08-14 00:00:00', '1997-09-11 00:00:00', '1997-08-19 00:00:00', 1, '41.3800', 'Die Wandernde Kuh', 'Adenauerallee 900', 'Stuttgart', NULL, '70563', 'Alemania', 70),
(10633, 7, '1997-08-15 00:00:00', '1997-09-12 00:00:00', '1997-08-18 00:00:00', 3, '477.9000', 'Ernst Handel', 'Kirchgasse 6', 'Graz', NULL, '8010', 'Austria', 21),
(10634, 4, '1997-08-15 00:00:00', '1997-09-12 00:00:00', '1997-08-21 00:00:00', 3, '487.3800', 'Folies gourmandes', '184, chaussée de Tournai', 'Lille', NULL, '59000', 'Francia', 76),
(10635, 8, '1997-08-18 00:00:00', '1997-09-15 00:00:00', '1997-08-21 00:00:00', 3, '47.4600', 'Magazzini Alimentari Riuniti', 'Via Ludovico il Moro 22', 'Bérgamo', NULL, '24100', 'Italia', 44),
(10636, 4, '1997-08-19 00:00:00', '1997-09-16 00:00:00', '1997-08-26 00:00:00', 1, '1.1500', 'Wartian Herkku', 'Torikatu 38', 'Oulu', NULL, '90110', 'Finlandia', 83),
(10637, 6, '1997-08-19 00:00:00', '1997-09-16 00:00:00', '1997-08-26 00:00:00', 1, '201.2900', 'Queen Cozinha', 'Alameda dos Canàrios, 891', 'São Paulo', 'SP', '05487-020', 'Brasil', 8),
(10638, 3, '1997-08-20 00:00:00', '1997-09-17 00:00:00', '1997-09-01 00:00:00', 1, '158.4400', 'LINO-Delicateses', 'Ave. 5 de Mayo Porlamar', 'I. de Margarita', 'Nueva Esparta', '4980', 'Venezuela', 67),
(10639, 7, '1997-08-20 00:00:00', '1997-09-17 00:00:00', '1997-08-27 00:00:00', 3, '38.6400', 'Santé Gourmet', 'Erling Skakkes gate 78', 'Stavern', NULL, '4110', 'Noruega', 37),
(10640, 4, '1997-08-21 00:00:00', '1997-09-18 00:00:00', '1997-08-28 00:00:00', 1, '23.5500', 'Die Wandernde Kuh', 'Adenauerallee 900', 'Stuttgart', NULL, '70563', 'Alemania', 73),
(10641, 4, '1997-08-22 00:00:00', '1997-09-19 00:00:00', '1997-08-26 00:00:00', 2, '179.6100', 'HILARIÓN-Abastos', 'Carrera 22 con Ave. Carlos Soublette #8-35', 'San Cristóbal', 'Táchira', '5022', 'Venezuela', 75),
(10642, 7, '1997-08-22 00:00:00', '1997-09-19 00:00:00', '1997-09-05 00:00:00', 3, '41.8900', 'Simons bistro', 'Vinbæltet 34', 'København', NULL, '1734', 'Dinamarca', 63),
(10643, 6, '1997-08-25 00:00:00', '1997-09-22 00:00:00', '1997-09-02 00:00:00', 2, '29.4600', 'Alfreds Futterkiste', 'Obere Str. 57', 'Berlín', NULL, '12209', 'Alemania', 89),
(10644, 3, '1997-08-25 00:00:00', '1997-09-22 00:00:00', '1997-09-01 00:00:00', 2, '0.1400', 'Wellington Importadora', 'Rua do Mercado, 12', 'Resende', 'SP', '08737-363', 'Brasil', 76),
(10645, 4, '1997-08-26 00:00:00', '1997-09-23 00:00:00', '1997-09-02 00:00:00', 1, '12.4100', 'Hanari Carnes', 'Rua do Paço, 67', 'Río de Janeiro', 'RJ', '05454-876', 'Brasil', 20),
(10646, 9, '1997-08-27 00:00:00', '1997-10-08 00:00:00', '1997-09-03 00:00:00', 3, '142.3300', 'Hungry Owl All-Night Grocers', '8 Johnstown Road', 'Cork', 'Co. Cork', NULL, 'Irlanda', 55),
(10647, 4, '1997-08-27 00:00:00', '1997-09-10 00:00:00', '1997-09-03 00:00:00', 2, '45.5400', 'Que Delícia', 'Rua da Panificadora, 12', 'Río de Janeiro', 'RJ', '02389-673', 'Brasil', 32),
(10648, 5, '1997-08-28 00:00:00', '1997-10-09 00:00:00', '1997-09-09 00:00:00', 2, '14.2500', 'Ricardo Adocicados', 'Av. Copacabana, 267', 'Río de Janeiro', 'RJ', '02389-890', 'Brasil', 89),
(10649, 5, '1997-08-28 00:00:00', '1997-09-25 00:00:00', '1997-08-29 00:00:00', 3, '6.2000', 'Maison Dewey', 'Rue Joseph-Bens 532', 'Bruxelles', NULL, 'B-1180', 'Bélgica', 73),
(10650, 5, '1997-08-29 00:00:00', '1997-09-26 00:00:00', '1997-09-03 00:00:00', 3, '176.8100', 'Familia Arquibaldo', 'Rua Orós, 92', 'São Paulo', 'SP', '05442-030', 'Brasil', 7),
(10651, 8, '1997-09-01 00:00:00', '1997-09-29 00:00:00', '1997-09-11 00:00:00', 2, '20.6000', 'Die Wandernde Kuh', 'Adenauerallee 900', 'Stuttgart', NULL, '70563', 'Alemania', 88),
(10652, 4, '1997-09-01 00:00:00', '1997-09-29 00:00:00', '1997-09-08 00:00:00', 2, '7.1400', 'Gourmet Lanchonetes', 'Av. Brasil, 442', 'Campinas', 'SP', '04876-786', 'Brasil', 55),
(10653, 1, '1997-09-02 00:00:00', '1997-09-30 00:00:00', '1997-09-19 00:00:00', 1, '93.2500', 'Frankenversand', 'Berliner Platz 43', 'München', NULL, '80805', 'Alemania', 12),
(10654, 5, '1997-09-02 00:00:00', '1997-09-30 00:00:00', '1997-09-11 00:00:00', 1, '55.2600', 'Berglunds snabbköp', 'Berguvsvägen  8', 'Luleå', NULL, 'S-958 22', 'Suecia', 75),
(10655, 1, '1997-09-03 00:00:00', '1997-10-01 00:00:00', '1997-09-11 00:00:00', 2, '4.4100', 'Reggiani Caseifici', 'Strada Provinciale 124', 'Reggio Emilia', NULL, '42100', 'Italia', 66),
(10656, 6, '1997-09-04 00:00:00', '1997-10-02 00:00:00', '1997-09-10 00:00:00', 1, '57.1500', 'Great Lakes Food Market', '2732 Baker Blvd.', 'Eugene', 'OR', '97403', 'Estados Unidos', 17),
(10657, 2, '1997-09-04 00:00:00', '1997-10-02 00:00:00', '1997-09-15 00:00:00', 2, '352.6900', 'Save-a-lot Markets', '187 Suffolk Ln.', 'Boise', 'ID', '83720', 'Estados Unidos', 66),
(10658, 4, '1997-09-05 00:00:00', '1997-10-03 00:00:00', '1997-09-08 00:00:00', 1, '364.1500', 'QUICK-Stop', 'Taucherstraße 10', 'Cunewalde', NULL, '01307', 'Alemania', 7),
(10659, 7, '1997-09-05 00:00:00', '1997-10-03 00:00:00', '1997-09-10 00:00:00', 2, '105.8100', 'Queen Cozinha', 'Alameda dos Canàrios, 891', 'São Paulo', 'SP', '05487-020', 'Brasil', 20),
(10660, 8, '1997-09-08 00:00:00', '1997-10-06 00:00:00', '1997-10-15 00:00:00', 1, '111.2900', 'Hungry Coyote Import Store', 'City Center Plaza\r\n516 Main St.', 'Elgin', 'OR', '97827', 'Estados Unidos', 80),
(10661, 7, '1997-09-09 00:00:00', '1997-10-07 00:00:00', '1997-09-15 00:00:00', 3, '17.5500', 'Hungry Owl All-Night Grocers', '8 Johnstown Road', 'Cork', 'Co. Cork', NULL, 'Irlanda', 67),
(10662, 3, '1997-09-09 00:00:00', '1997-10-07 00:00:00', '1997-09-18 00:00:00', 2, '1.2800', 'Lonesome Pine Restaurant', '89 Chiaroscuro Rd.', 'Portland', 'OR', '97219', 'Estados Unidos', 2),
(10663, 2, '1997-09-10 00:00:00', '1997-09-24 00:00:00', '1997-10-03 00:00:00', 2, '113.1500', 'Bon app\'', '12, rue des Bouchers', 'Marseille', NULL, '13008', 'Francia', 81),
(10664, 1, '1997-09-10 00:00:00', '1997-10-08 00:00:00', '1997-09-19 00:00:00', 3, '1.2700', 'Furia Bacalhau e Frutos do Mar', 'Jardim das rosas n. 32', 'Lisboa', NULL, '1675', 'Portugal', 36),
(10665, 1, '1997-09-11 00:00:00', '1997-10-09 00:00:00', '1997-09-17 00:00:00', 2, '26.3100', 'Lonesome Pine Restaurant', '89 Chiaroscuro Rd.', 'Portland', 'OR', '97219', 'Estados Unidos', 26),
(10666, 7, '1997-09-12 00:00:00', '1997-10-10 00:00:00', '1997-09-22 00:00:00', 2, '232.4200', 'Richter Supermarkt', 'Starenweg 5', 'Genève', NULL, '1204', 'Suiza', 24),
(10667, 7, '1997-09-12 00:00:00', '1997-10-10 00:00:00', '1997-09-19 00:00:00', 1, '78.0900', 'Ernst Handel', 'Kirchgasse 6', 'Graz', NULL, '8010', 'Austria', 42),
(10668, 1, '1997-09-15 00:00:00', '1997-10-13 00:00:00', '1997-09-23 00:00:00', 2, '47.2200', 'Die Wandernde Kuh', 'Adenauerallee 900', 'Stuttgart', NULL, '70563', 'Alemania', 46),
(10669, 2, '1997-09-15 00:00:00', '1997-10-13 00:00:00', '1997-09-22 00:00:00', 1, '24.3900', 'Simons bistro', 'Vinbæltet 34', 'København', NULL, '1734', 'Dinamarca', 12),
(10670, 4, '1997-09-16 00:00:00', '1997-10-14 00:00:00', '1997-09-18 00:00:00', 1, '203.4800', 'Frankenversand', 'Berliner Platz 43', 'München', NULL, '80805', 'Alemania', 16),
(10671, 1, '1997-09-17 00:00:00', '1997-10-15 00:00:00', '1997-09-24 00:00:00', 1, '30.3400', 'France restauration', '54, rue Royale', 'Nantes', NULL, '44000', 'Francia', 43),
(10672, 9, '1997-09-17 00:00:00', '1997-10-01 00:00:00', '1997-09-26 00:00:00', 2, '95.7500', 'Berglunds snabbköp', 'Berguvsvägen  8', 'Luleå', NULL, 'S-958 22', 'Suecia', 76),
(10673, 2, '1997-09-18 00:00:00', '1997-10-16 00:00:00', '1997-09-19 00:00:00', 1, '22.7600', 'Wilman Kala', 'Keskuskatu 45', 'Helsinki', NULL, '21240', 'Finlandia', 71),
(10674, 4, '1997-09-18 00:00:00', '1997-10-16 00:00:00', '1997-09-30 00:00:00', 2, '0.9000', 'Island Trading', 'Garden House\r\nCrowther Way', 'Cowes', 'Isle of Wight', 'PO31 7PJ', 'Reino Unido', 34),
(10675, 5, '1997-09-19 00:00:00', '1997-10-17 00:00:00', '1997-09-23 00:00:00', 2, '31.8500', 'Frankenversand', 'Berliner Platz 43', 'München', NULL, '80805', 'Alemania', 50),
(10676, 2, '1997-09-22 00:00:00', '1997-10-20 00:00:00', '1997-09-29 00:00:00', 2, '2.0100', 'Tortuga Restaurante', 'Avda. Azteca 123', 'México D.F.', NULL, '05033', 'México', 54),
(10677, 1, '1997-09-22 00:00:00', '1997-10-20 00:00:00', '1997-09-26 00:00:00', 3, '4.0300', 'Antonio Moreno Taquería', 'Mataderos  2312', 'México D.F.', NULL, '05023', 'México', 29),
(10678, 7, '1997-09-23 00:00:00', '1997-10-21 00:00:00', '1997-10-16 00:00:00', 3, '388.9800', 'Save-a-lot Markets', '187 Suffolk Ln.', 'Boise', 'ID', '83720', 'Estados Unidos', 76),
(10679, 8, '1997-09-23 00:00:00', '1997-10-21 00:00:00', '1997-09-30 00:00:00', 3, '27.9400', 'Blondel père et fils', '24, place Kléber', 'Strasbourg', NULL, '67000', 'Francia', 17),
(10680, 1, '1997-09-24 00:00:00', '1997-10-22 00:00:00', '1997-09-26 00:00:00', 1, '26.6100', 'Old World Delicatessen', '2743 Bering St.', 'Anchorage', 'AK', '99508', 'Estados Unidos', 42),
(10681, 3, '1997-09-25 00:00:00', '1997-10-23 00:00:00', '1997-09-30 00:00:00', 3, '76.1300', 'Great Lakes Food Market', '2732 Baker Blvd.', 'Eugene', 'OR', '97403', 'Estados Unidos', 67),
(10682, 3, '1997-09-25 00:00:00', '1997-10-23 00:00:00', '1997-10-01 00:00:00', 2, '36.1300', 'Antonio Moreno Taquería', 'Mataderos  2312', 'México D.F.', NULL, '05023', 'México', 27),
(10683, 2, '1997-09-26 00:00:00', '1997-10-24 00:00:00', '1997-10-01 00:00:00', 1, '4.4000', 'Du monde entier', '67, rue des Cinquante Otages', 'Nantes', NULL, '44000', 'Francia', 24),
(10684, 3, '1997-09-26 00:00:00', '1997-10-24 00:00:00', '1997-09-30 00:00:00', 1, '145.6300', 'Ottilies Käseladen', 'Mehrheimerstr. 369', 'Köln', NULL, '50739', 'Alemania', 40),
(10685, 4, '1997-09-29 00:00:00', '1997-10-13 00:00:00', '1997-10-03 00:00:00', 2, '33.7500', 'Gourmet Lanchonetes', 'Av. Brasil, 442', 'Campinas', 'SP', '04876-786', 'Brasil', 39),
(10686, 2, '1997-09-30 00:00:00', '1997-10-28 00:00:00', '1997-10-08 00:00:00', 1, '96.5000', 'Piccolo und mehr', 'Geislweg 14', 'Salzburg', NULL, '5020', 'Austria', 73),
(10687, 9, '1997-09-30 00:00:00', '1997-10-28 00:00:00', '1997-10-30 00:00:00', 2, '296.4300', 'Hungry Owl All-Night Grocers', '8 Johnstown Road', 'Cork', 'Co. Cork', NULL, 'Irlanda', 67),
(10688, 4, '1997-10-01 00:00:00', '1997-10-15 00:00:00', '1997-10-07 00:00:00', 2, '299.0900', 'Vaffeljernet', 'Smagsløget 45', 'Århus', NULL, '8200', 'Dinamarca', 23),
(10689, 1, '1997-10-01 00:00:00', '1997-10-29 00:00:00', '1997-10-07 00:00:00', 2, '13.4200', 'Berglunds snabbköp', 'Berguvsvägen  8', 'Luleå', NULL, 'S-958 22', 'Suecia', 8),
(10690, 1, '1997-10-02 00:00:00', '1997-10-30 00:00:00', '1997-10-03 00:00:00', 1, '15.8000', 'Hanari Carnes', 'Rua do Paço, 67', 'Río de Janeiro', 'RJ', '05454-876', 'Brasil', 59),
(10691, 2, '1997-10-03 00:00:00', '1997-11-14 00:00:00', '1997-10-22 00:00:00', 2, '810.0500', 'QUICK-Stop', 'Taucherstraße 10', 'Cunewalde', NULL, '01307', 'Alemania', 89),
(10692, 4, '1997-10-03 00:00:00', '1997-10-31 00:00:00', '1997-10-13 00:00:00', 2, '61.0200', 'Alfreds Futterkiste', 'Obere Str. 57', 'Berlín', NULL, '12209', 'Alemania', 87),
(10693, 3, '1997-10-06 00:00:00', '1997-10-20 00:00:00', '1997-10-10 00:00:00', 3, '139.3400', 'White Clover Markets', '1029 - 12th Ave. S.', 'Seattle', 'WA', '98124', 'Estados Unidos', 78),
(10694, 8, '1997-10-06 00:00:00', '1997-11-03 00:00:00', '1997-10-09 00:00:00', 3, '398.3600', 'QUICK-Stop', 'Taucherstraße 10', 'Cunewalde', NULL, '01307', 'Alemania', 37),
(10695, 7, '1997-10-07 00:00:00', '1997-11-18 00:00:00', '1997-10-14 00:00:00', 1, '16.7200', 'Wilman Kala', 'Keskuskatu 45', 'Helsinki', NULL, '21240', 'Finlandia', 42),
(10696, 8, '1997-10-08 00:00:00', '1997-11-19 00:00:00', '1997-10-14 00:00:00', 3, '102.5500', 'White Clover Markets', '1029 - 12th Ave. S.', 'Seattle', 'WA', '98124', 'Estados Unidos', 7),
(10697, 3, '1997-10-08 00:00:00', '1997-11-05 00:00:00', '1997-10-14 00:00:00', 1, '45.5200', 'LINO-Delicateses', 'Ave. 5 de Mayo Porlamar', 'I. de Margarita', 'Nueva Esparta', '4980', 'Venezuela', 3),
(10698, 4, '1997-10-09 00:00:00', '1997-11-06 00:00:00', '1997-10-17 00:00:00', 1, '272.4700', 'Ernst Handel', 'Kirchgasse 6', 'Graz', NULL, '8010', 'Austria', 82),
(10699, 3, '1997-10-09 00:00:00', '1997-11-06 00:00:00', '1997-10-13 00:00:00', 3, '0.5800', 'Morgenstern Gesundkost', 'Heerstr. 22', 'Leipzig', NULL, '04179', 'Alemania', 36),
(10700, 3, '1997-10-10 00:00:00', '1997-11-07 00:00:00', '1997-10-16 00:00:00', 1, '65.1000', 'Save-a-lot Markets', '187 Suffolk Ln.', 'Boise', 'ID', '83720', 'Estados Unidos', 28),
(10701, 6, '1997-10-13 00:00:00', '1997-10-27 00:00:00', '1997-10-15 00:00:00', 3, '220.3100', 'Hungry Owl All-Night Grocers', '8 Johnstown Road', 'Cork', 'Co. Cork', NULL, 'Irlanda', 31),
(10702, 4, '1997-10-13 00:00:00', '1997-11-24 00:00:00', '1997-10-21 00:00:00', 1, '23.9400', 'Alfreds Futterkiste', 'Obere Str. 57', 'Berlín', NULL, '12209', 'Alemania', 71),
(10703, 6, '1997-10-14 00:00:00', '1997-11-11 00:00:00', '1997-10-20 00:00:00', 2, '152.3000', 'Folk och fä HB', 'Åkergatan 24', 'Bräcke', NULL, 'S-844 67', 'Suecia', 78),
(10704, 6, '1997-10-14 00:00:00', '1997-11-11 00:00:00', '1997-11-07 00:00:00', 1, '4.7800', 'Queen Cozinha', 'Alameda dos Canàrios, 891', 'São Paulo', 'SP', '05487-020', 'Brasil', 88),
(10705, 9, '1997-10-15 00:00:00', '1997-11-12 00:00:00', '1997-11-18 00:00:00', 2, '3.5200', 'HILARIÓN-Abastos', 'Carrera 22 con Ave. Carlos Soublette #8-35', 'San Cristóbal', 'Táchira', '5022', 'Venezuela', 23),
(10706, 8, '1997-10-16 00:00:00', '1997-11-13 00:00:00', '1997-10-21 00:00:00', 3, '135.6300', 'Old World Delicatessen', '2743 Bering St.', 'Anchorage', 'AK', '99508', 'Estados Unidos', 35),
(10707, 4, '1997-10-16 00:00:00', '1997-10-30 00:00:00', '1997-10-23 00:00:00', 3, '21.7400', 'Around the Horn', 'Brook Farm\r\nStratford St. Mary', 'Colchester', 'Essex', 'CO7 6JX', 'Reino Unido', 14),
(10708, 6, '1997-10-17 00:00:00', '1997-11-28 00:00:00', '1997-11-05 00:00:00', 2, '2.9600', 'The Big Cheese', '89 Jefferson Way\r\nSuite 2', 'Portland', 'OR', '97201', 'Estados Unidos', 56),
(10709, 1, '1997-10-17 00:00:00', '1997-11-14 00:00:00', '1997-11-20 00:00:00', 3, '210.8000', 'Gourmet Lanchonetes', 'Av. Brasil, 442', 'Campinas', 'SP', '04876-786', 'Brasil', 54),
(10710, 1, '1997-10-20 00:00:00', '1997-11-17 00:00:00', '1997-10-23 00:00:00', 1, '4.9800', 'Franchi S.p.A.', 'Via Monte Bianco 34', 'Torino', NULL, '10100', 'Italia', 12),
(10711, 5, '1997-10-21 00:00:00', '1997-12-02 00:00:00', '1997-10-29 00:00:00', 2, '52.4100', 'Save-a-lot Markets', '187 Suffolk Ln.', 'Boise', 'ID', '83720', 'Estados Unidos', 82),
(10712, 3, '1997-10-21 00:00:00', '1997-11-18 00:00:00', '1997-10-31 00:00:00', 1, '89.9300', 'Hungry Owl All-Night Grocers', '8 Johnstown Road', 'Cork', 'Co. Cork', NULL, 'Irlanda', 7),
(10713, 1, '1997-10-22 00:00:00', '1997-11-19 00:00:00', '1997-10-24 00:00:00', 1, '167.0500', 'Save-a-lot Markets', '187 Suffolk Ln.', 'Boise', 'ID', '83720', 'Estados Unidos', 62),
(10714, 5, '1997-10-22 00:00:00', '1997-11-19 00:00:00', '1997-10-27 00:00:00', 3, '24.4900', 'Save-a-lot Markets', '187 Suffolk Ln.', 'Boise', 'ID', '83720', 'Estados Unidos', 19),
(10715, 3, '1997-10-23 00:00:00', '1997-11-06 00:00:00', '1997-10-29 00:00:00', 1, '63.2000', 'Bon app\'', '12, rue des Bouchers', 'Marseille', NULL, '13008', 'Francia', 89),
(10716, 4, '1997-10-24 00:00:00', '1997-11-21 00:00:00', '1997-10-27 00:00:00', 2, '22.5700', 'Rancho grande', 'Av. del Libertador 900', 'Buenos Aires', NULL, '1010', 'Argentina', 23),
(10717, 1, '1997-10-24 00:00:00', '1997-11-21 00:00:00', '1997-10-29 00:00:00', 2, '59.2500', 'Frankenversand', 'Berliner Platz 43', 'München', NULL, '80805', 'Alemania', 31),
(10718, 1, '1997-10-27 00:00:00', '1997-11-24 00:00:00', '1997-10-29 00:00:00', 3, '170.8800', 'Königlich Essen', 'Maubelstr. 90', 'Brandenburg', NULL, '14776', 'Alemania', 84),
(10719, 8, '1997-10-27 00:00:00', '1997-11-24 00:00:00', '1997-11-05 00:00:00', 2, '51.4400', 'Let\'s Stop N Shop', '87 Polk St.\r\nSuite 5', 'San Francisco', 'CA', '94117', 'Estados Unidos', 56),
(10720, 8, '1997-10-28 00:00:00', '1997-11-11 00:00:00', '1997-11-05 00:00:00', 2, '9.5300', 'Que Delícia', 'Rua da Panificadora, 12', 'Río de Janeiro', 'RJ', '02389-673', 'Brasil', 29),
(10721, 5, '1997-10-29 00:00:00', '1997-11-26 00:00:00', '1997-10-31 00:00:00', 3, '48.9200', 'QUICK-Stop', 'Taucherstraße 10', 'Cunewalde', NULL, '01307', 'Alemania', 69),
(10722, 8, '1997-10-29 00:00:00', '1997-12-10 00:00:00', '1997-11-04 00:00:00', 1, '74.5800', 'Save-a-lot Markets', '187 Suffolk Ln.', 'Boise', 'ID', '83720', 'Estados Unidos', 73),
(10723, 3, '1997-10-30 00:00:00', '1997-11-27 00:00:00', '1997-11-25 00:00:00', 1, '21.7200', 'White Clover Markets', '1029 - 12th Ave. S.', 'Seattle', 'WA', '98124', 'Estados Unidos', 66),
(10724, 8, '1997-10-30 00:00:00', '1997-12-11 00:00:00', '1997-11-05 00:00:00', 2, '57.7500', 'Mère Paillarde', '43 rue St. Laurent', 'Montréal', 'Québec', 'H1J 1C3', 'Canadá', 21),
(10725, 4, '1997-10-31 00:00:00', '1997-11-28 00:00:00', '1997-11-05 00:00:00', 3, '10.8300', 'Familia Arquibaldo', 'Rua Orós, 92', 'São Paulo', 'SP', '05442-030', 'Brasil', 15),
(10726, 4, '1997-11-03 00:00:00', '1997-11-17 00:00:00', '1997-12-05 00:00:00', 1, '16.5600', 'Eastern Connection', '35 King George', 'London', NULL, 'WX3 6FW', 'Reino Unido', 28),
(10727, 2, '1997-11-03 00:00:00', '1997-12-01 00:00:00', '1997-12-05 00:00:00', 1, '89.9000', 'Reggiani Caseifici', 'Strada Provinciale 124', 'Reggio Emilia', NULL, '42100', 'Italia', 48),
(10728, 4, '1997-11-04 00:00:00', '1997-12-02 00:00:00', '1997-11-11 00:00:00', 2, '58.3300', 'Queen Cozinha', 'Alameda dos Canàrios, 891', 'São Paulo', 'SP', '05487-020', 'Brasil', 65),
(10729, 8, '1997-11-04 00:00:00', '1997-12-16 00:00:00', '1997-11-14 00:00:00', 3, '141.0600', 'LINO-Delicateses', 'Ave. 5 de Mayo Porlamar', 'I. de Margarita', 'Nueva Esparta', '4980', 'Venezuela', 89),
(10730, 5, '1997-11-05 00:00:00', '1997-12-03 00:00:00', '1997-11-14 00:00:00', 1, '20.1200', 'Bon app\'', '12, rue des Bouchers', 'Marseille', NULL, '13008', 'Francia', 69),
(10731, 7, '1997-11-06 00:00:00', '1997-12-04 00:00:00', '1997-11-14 00:00:00', 1, '96.6500', 'Chop-suey Chinese', 'Hauptstr. 31', 'Bern', NULL, '3012', 'Suiza', 77),
(10732, 3, '1997-11-06 00:00:00', '1997-12-04 00:00:00', '1997-11-07 00:00:00', 1, '16.9700', 'Bon app\'', '12, rue des Bouchers', 'Marseille', NULL, '13008', 'Francia', 87),
(10733, 1, '1997-11-07 00:00:00', '1997-12-05 00:00:00', '1997-11-10 00:00:00', 3, '110.1100', 'Berglunds snabbköp', 'Berguvsvägen  8', 'Luleå', NULL, 'S-958 22', 'Suecia', 22),
(10734, 2, '1997-11-07 00:00:00', '1997-12-05 00:00:00', '1997-11-12 00:00:00', 3, '1.6300', 'Gourmet Lanchonetes', 'Av. Brasil, 442', 'Campinas', 'SP', '04876-786', 'Brasil', 29),
(10735, 6, '1997-11-10 00:00:00', '1997-12-08 00:00:00', '1997-11-21 00:00:00', 2, '45.9700', 'Let\'s Stop N Shop', '87 Polk St.\r\nSuite 5', 'San Francisco', 'CA', '94117', 'Estados Unidos', 83),
(10736, 9, '1997-11-11 00:00:00', '1997-12-09 00:00:00', '1997-11-21 00:00:00', 2, '44.1000', 'Hungry Owl All-Night Grocers', '8 Johnstown Road', 'Cork', 'Co. Cork', NULL, 'Irlanda', 51),
(10737, 2, '1997-11-11 00:00:00', '1997-12-09 00:00:00', '1997-11-18 00:00:00', 2, '7.7900', 'Vins et alcools Chevalier', '59 rue de l\'Abbaye', 'Reims', NULL, '51100', 'Francia', 9),
(10738, 2, '1997-11-12 00:00:00', '1997-12-10 00:00:00', '1997-11-18 00:00:00', 1, '2.9100', 'Spécialités du monde', '25, rue Lauriston', 'Paris', NULL, '75016', 'Francia', 75),
(10739, 3, '1997-11-12 00:00:00', '1997-12-10 00:00:00', '1997-11-17 00:00:00', 3, '11.0800', 'Vins et alcools Chevalier', '59 rue de l\'Abbaye', 'Reims', NULL, '51100', 'Francia', 73),
(10740, 4, '1997-11-13 00:00:00', '1997-12-11 00:00:00', '1997-11-25 00:00:00', 2, '81.8800', 'White Clover Markets', '1029 - 12th Ave. S.', 'Seattle', 'WA', '98124', 'Estados Unidos', 48),
(10741, 4, '1997-11-14 00:00:00', '1997-11-28 00:00:00', '1997-11-18 00:00:00', 3, '10.9600', 'Berglunds snabbköp', 'Berguvsvägen  8', 'Luleå', NULL, 'S-958 22', 'Suecia', 21),
(10742, 3, '1997-11-14 00:00:00', '1997-12-12 00:00:00', '1997-11-18 00:00:00', 3, '243.7300', 'Bottom-Dollar Markets', '23 Tsawassen Blvd.', 'Tsawassen', 'BC', 'T2F 8M4', 'Canadá', 51),
(10743, 1, '1997-11-17 00:00:00', '1997-12-15 00:00:00', '1997-11-21 00:00:00', 2, '23.7200', 'Around the Horn', 'Brook Farm\r\nStratford St. Mary', 'Colchester', 'Essex', 'CO7 6JX', 'Reino Unido', 11),
(10744, 6, '1997-11-17 00:00:00', '1997-12-15 00:00:00', '1997-11-24 00:00:00', 1, '69.1900', 'Vaffeljernet', 'Smagsløget 45', 'Århus', NULL, '8200', 'Dinamarca', 84),
(10745, 9, '1997-11-18 00:00:00', '1997-12-16 00:00:00', '1997-11-27 00:00:00', 1, '3.5200', 'QUICK-Stop', 'Taucherstraße 10', 'Cunewalde', NULL, '01307', 'Alemania', 23),
(10746, 1, '1997-11-19 00:00:00', '1997-12-17 00:00:00', '1997-11-21 00:00:00', 3, '31.4300', 'Chop-suey Chinese', 'Hauptstr. 31', 'Bern', NULL, '3012', 'Suiza', 44),
(10747, 6, '1997-11-19 00:00:00', '1997-12-17 00:00:00', '1997-11-26 00:00:00', 1, '117.3300', 'Piccolo und mehr', 'Geislweg 14', 'Salzburg', NULL, '5020', 'Austria', 60),
(10748, 3, '1997-11-20 00:00:00', '1997-12-18 00:00:00', '1997-11-28 00:00:00', 1, '232.5500', 'Save-a-lot Markets', '187 Suffolk Ln.', 'Boise', 'ID', '83720', 'Estados Unidos', 79),
(10749, 4, '1997-11-20 00:00:00', '1997-12-18 00:00:00', '1997-12-19 00:00:00', 2, '61.5300', 'Island Trading', 'Garden House\r\nCrowther Way', 'Cowes', 'Isle of Wight', 'PO31 7PJ', 'Reino Unido', 31),
(10750, 9, '1997-11-21 00:00:00', '1997-12-19 00:00:00', '1997-11-24 00:00:00', 1, '79.3000', 'Wartian Herkku', 'Torikatu 38', 'Oulu', NULL, '90110', 'Finlandia', 10),
(10751, 3, '1997-11-24 00:00:00', '1997-12-22 00:00:00', '1997-12-03 00:00:00', 3, '130.7900', 'Richter Supermarkt', 'Starenweg 5', 'Genève', NULL, '1204', 'Suiza', 48),
(10752, 2, '1997-11-24 00:00:00', '1997-12-22 00:00:00', '1997-11-28 00:00:00', 3, '1.3900', 'North/South', 'South House\r\n300 Queensbridge', 'London', NULL, 'SW7 1RZ', 'Reino Unido', 27),
(10753, 3, '1997-11-25 00:00:00', '1997-12-23 00:00:00', '1997-11-27 00:00:00', 1, '7.7000', 'Franchi S.p.A.', 'Via Monte Bianco 34', 'Torino', NULL, '10100', 'Italia', 82),
(10754, 6, '1997-11-25 00:00:00', '1997-12-23 00:00:00', '1997-11-27 00:00:00', 3, '2.3800', 'Magazzini Alimentari Riuniti', 'Via Ludovico il Moro 22', 'Bérgamo', NULL, '24100', 'Italia', 57),
(10755, 4, '1997-11-26 00:00:00', '1997-12-24 00:00:00', '1997-11-28 00:00:00', 2, '16.7100', 'Bon app\'', '12, rue des Bouchers', 'Marseille', NULL, '13008', 'Francia', 37),
(10756, 8, '1997-11-27 00:00:00', '1997-12-25 00:00:00', '1997-12-02 00:00:00', 2, '73.2100', 'Split Rail Beer & Ale', 'P.O. Box 555', 'Lander', 'WY', '82520', 'Estados Unidos', 17),
(10757, 6, '1997-11-27 00:00:00', '1997-12-25 00:00:00', '1997-12-15 00:00:00', 1, '8.1900', 'Save-a-lot Markets', '187 Suffolk Ln.', 'Boise', 'ID', '83720', 'Estados Unidos', 63),
(10758, 3, '1997-11-28 00:00:00', '1997-12-26 00:00:00', '1997-12-04 00:00:00', 3, '138.1700', 'Richter Supermarkt', 'Starenweg 5', 'Genève', NULL, '1204', 'Suiza', 81),
(10759, 3, '1997-11-28 00:00:00', '1997-12-26 00:00:00', '1997-12-12 00:00:00', 3, '11.9900', 'Ana Trujillo Emparedados y helados', 'Avda. de la Constitución 2222', 'México D.F.', NULL, '05021', 'México', 34),
(10760, 4, '1997-12-01 00:00:00', '1997-12-29 00:00:00', '1997-12-10 00:00:00', 1, '155.6400', 'Maison Dewey', 'Rue Joseph-Bens 532', 'Bruxelles', NULL, 'B-1180', 'Bélgica', 19),
(10761, 5, '1997-12-02 00:00:00', '1997-12-30 00:00:00', '1997-12-08 00:00:00', 2, '18.6600', 'Rattlesnake Canyon Grocery', '2817 Milton Dr.', 'Albuquerque', 'NM', '87110', 'Estados Unidos', 84),
(10762, 3, '1997-12-02 00:00:00', '1997-12-30 00:00:00', '1997-12-09 00:00:00', 1, '328.7400', 'Folk och fä HB', 'Åkergatan 24', 'Bräcke', NULL, 'S-844 67', 'Suecia', 88),
(10763, 3, '1997-12-03 00:00:00', '1997-12-31 00:00:00', '1997-12-08 00:00:00', 3, '37.3500', 'Folies gourmandes', '184, chaussée de Tournai', 'Lille', NULL, '59000', 'Francia', 9),
(10764, 6, '1997-12-03 00:00:00', '1997-12-31 00:00:00', '1997-12-08 00:00:00', 3, '145.4500', 'Ernst Handel', 'Kirchgasse 6', 'Graz', NULL, '8010', 'Austria', 53),
(10765, 3, '1997-12-04 00:00:00', '1998-01-01 00:00:00', '1997-12-09 00:00:00', 3, '42.7400', 'QUICK-Stop', 'Taucherstraße 10', 'Cunewalde', NULL, '01307', 'Alemania', 55),
(10766, 4, '1997-12-05 00:00:00', '1998-01-02 00:00:00', '1997-12-09 00:00:00', 1, '157.5500', 'Ottilies Käseladen', 'Mehrheimerstr. 369', 'Köln', NULL, '50739', 'Alemania', 27),
(10767, 4, '1997-12-05 00:00:00', '1998-01-02 00:00:00', '1997-12-15 00:00:00', 3, '1.5900', 'Suprêmes délices', 'Boulevard Tirou, 255', 'Charleroi', NULL, 'B-6000', 'Bélgica', 60),
(10768, 3, '1997-12-08 00:00:00', '1998-01-05 00:00:00', '1997-12-15 00:00:00', 2, '146.3200', 'Around the Horn', 'Brook Farm\r\nStratford St. Mary', 'Colchester', 'Essex', 'CO7 6JX', 'Reino Unido', 37),
(10769, 3, '1997-12-08 00:00:00', '1998-01-05 00:00:00', '1997-12-12 00:00:00', 1, '65.0600', 'Vaffeljernet', 'Smagsløget 45', 'Århus', NULL, '8200', 'Dinamarca', 7),
(10770, 8, '1997-12-09 00:00:00', '1998-01-06 00:00:00', '1997-12-17 00:00:00', 3, '5.3200', 'Hanari Carnes', 'Rua do Paço, 67', 'Río de Janeiro', 'RJ', '05454-876', 'Brasil', 14),
(10771, 9, '1997-12-10 00:00:00', '1998-01-07 00:00:00', '1998-01-02 00:00:00', 2, '11.1900', 'Ernst Handel', 'Kirchgasse 6', 'Graz', NULL, '8010', 'Austria', 49),
(10772, 3, '1997-12-10 00:00:00', '1998-01-07 00:00:00', '1997-12-19 00:00:00', 2, '91.2800', 'Lehmanns Marktstand', 'Magazinweg 7', 'Frankfurt a.M. ', NULL, '60528', 'Alemania', 22),
(10773, 1, '1997-12-11 00:00:00', '1998-01-08 00:00:00', '1997-12-16 00:00:00', 3, '96.4300', 'Ernst Handel', 'Kirchgasse 6', 'Graz', NULL, '8010', 'Austria', 54),
(10774, 4, '1997-12-11 00:00:00', '1997-12-25 00:00:00', '1997-12-12 00:00:00', 1, '48.2000', 'Folk och fä HB', 'Åkergatan 24', 'Bräcke', NULL, 'S-844 67', 'Suecia', 20),
(10775, 7, '1997-12-12 00:00:00', '1998-01-09 00:00:00', '1997-12-26 00:00:00', 1, '20.2500', 'The Cracker Box', '55 Grizzly Peak Rd.', 'Butte', 'MT', '59801', 'Estados Unidos', 32),
(10776, 1, '1997-12-15 00:00:00', '1998-01-12 00:00:00', '1997-12-18 00:00:00', 3, '351.5300', 'Ernst Handel', 'Kirchgasse 6', 'Graz', NULL, '8010', 'Austria', 6),
(10777, 7, '1997-12-15 00:00:00', '1997-12-29 00:00:00', '1998-01-21 00:00:00', 2, '3.0100', 'Gourmet Lanchonetes', 'Av. Brasil, 442', 'Campinas', 'SP', '04876-786', 'Brasil', 25),
(10778, 3, '1997-12-16 00:00:00', '1998-01-13 00:00:00', '1997-12-24 00:00:00', 1, '6.7900', 'Berglunds snabbköp', 'Berguvsvägen  8', 'Luleå', NULL, 'S-958 22', 'Suecia', 15),
(10779, 3, '1997-12-16 00:00:00', '1998-01-13 00:00:00', '1998-01-14 00:00:00', 2, '58.1300', 'Morgenstern Gesundkost', 'Heerstr. 22', 'Leipzig', NULL, '04179', 'Alemania', 2),
(10780, 2, '1997-12-16 00:00:00', '1997-12-30 00:00:00', '1997-12-25 00:00:00', 1, '42.1300', 'LILA-Supermercado', 'Carrera 52 con Ave. Bolívar #65-98 Llano Largo', 'Barquisimeto', 'Lara', '3508', 'Venezuela', 54),
(10781, 2, '1997-12-17 00:00:00', '1998-01-14 00:00:00', '1997-12-19 00:00:00', 3, '73.1600', 'Wartian Herkku', 'Torikatu 38', 'Oulu', NULL, '90110', 'Finlandia', 82),
(10782, 9, '1997-12-17 00:00:00', '1998-01-14 00:00:00', '1997-12-22 00:00:00', 3, '1.1000', 'Cactus Comidas para llevar', 'Cerrito 333', 'Buenos Aires', NULL, '1010', 'Argentina', 65),
(10783, 4, '1997-12-18 00:00:00', '1998-01-15 00:00:00', '1997-12-19 00:00:00', 2, '124.9800', 'Hanari Carnes', 'Rua do Paço, 67', 'Río de Janeiro', 'RJ', '05454-876', 'Brasil', 78),
(10784, 4, '1997-12-18 00:00:00', '1998-01-15 00:00:00', '1997-12-22 00:00:00', 3, '70.0900', 'Magazzini Alimentari Riuniti', 'Via Ludovico il Moro 22', 'Bérgamo', NULL, '24100', 'Italia', 16),
(10785, 1, '1997-12-18 00:00:00', '1998-01-15 00:00:00', '1997-12-24 00:00:00', 3, '1.5100', 'GROSELLA-Restaurante', '5ª Ave. Los Palos Grandes', 'Caracas', 'DF', '1081', 'Venezuela', 28),
(10786, 8, '1997-12-19 00:00:00', '1998-01-16 00:00:00', '1997-12-23 00:00:00', 1, '110.8700', 'Queen Cozinha', 'Alameda dos Canàrios, 891', 'São Paulo', 'SP', '05487-020', 'Brasil', 90),
(10787, 2, '1997-12-19 00:00:00', '1998-01-02 00:00:00', '1997-12-26 00:00:00', 1, '249.9300', 'La maison d\'Asie', '1 rue Alsace-Lorraine', 'Toulouse', NULL, '31000', 'Francia', 3),
(10788, 1, '1997-12-22 00:00:00', '1998-01-19 00:00:00', '1998-01-19 00:00:00', 2, '42.7000', 'QUICK-Stop', 'Taucherstraße 10', 'Cunewalde', NULL, '01307', 'Alemania', 17),
(10789, 1, '1997-12-22 00:00:00', '1998-01-19 00:00:00', '1997-12-31 00:00:00', 2, '100.6000', 'Folies gourmandes', '184, chaussée de Tournai', 'Lille', NULL, '59000', 'Francia', 76),
(10790, 6, '1997-12-22 00:00:00', '1998-01-19 00:00:00', '1997-12-26 00:00:00', 1, '28.2300', 'Gourmet Lanchonetes', 'Av. Brasil, 442', 'Campinas', 'SP', '04876-786', 'Brasil', 58),
(10791, 6, '1997-12-23 00:00:00', '1998-01-20 00:00:00', '1998-01-01 00:00:00', 2, '16.8500', 'Frankenversand', 'Berliner Platz 43', 'München', NULL, '80805', 'Alemania', 61),
(10792, 1, '1997-12-23 00:00:00', '1998-01-20 00:00:00', '1997-12-31 00:00:00', 3, '23.7900', 'Wolski Zajazd', 'ul. Filtrowa 68', 'Warszawa', NULL, '01-012', 'Polonia', 41),
(10793, 3, '1997-12-24 00:00:00', '1998-01-21 00:00:00', '1998-01-08 00:00:00', 3, '4.5200', 'Around the Horn', 'Brook Farm\r\nStratford St. Mary', 'Colchester', 'Essex', 'CO7 6JX', 'Reino Unido', 23),
(10794, 6, '1997-12-24 00:00:00', '1998-01-21 00:00:00', '1998-01-02 00:00:00', 1, '21.4900', 'Que Delícia', 'Rua da Panificadora, 12', 'Río de Janeiro', 'RJ', '02389-673', 'Brasil', 82);
INSERT INTO `pedidos` (`idpedido`, `idempleado`, `fechapedido`, `fechaentrega`, `fechaenvio`, `idempresaenvio`, `cargo`, `destinatario`, `direcciondestinatario`, `ciudaddestinatario`, `regiondestinatario`, `codigopostaldestinatario`, `paisdestinatario`, `idcliente`) VALUES
(10795, 8, '1997-12-24 00:00:00', '1998-01-21 00:00:00', '1998-01-20 00:00:00', 2, '126.6600', 'Ernst Handel', 'Kirchgasse 6', 'Graz', NULL, '8010', 'Austria', 67),
(10796, 3, '1997-12-25 00:00:00', '1998-01-22 00:00:00', '1998-01-14 00:00:00', 1, '26.5200', 'HILARIÓN-Abastos', 'Carrera 22 con Ave. Carlos Soublette #8-35', 'San Cristóbal', 'Táchira', '5022', 'Venezuela', 88),
(10797, 7, '1997-12-25 00:00:00', '1998-01-22 00:00:00', '1998-01-05 00:00:00', 2, '33.3500', 'Drachenblut Delikatessen', 'Walserweg 21', 'Aachen', NULL, '52066', 'Alemania', 56),
(10798, 2, '1997-12-26 00:00:00', '1998-01-23 00:00:00', '1998-01-05 00:00:00', 1, '2.3300', 'Island Trading', 'Garden House\r\nCrowther Way', 'Cowes', 'Isle of Wight', 'PO31 7PJ', 'Reino Unido', 19),
(10799, 9, '1997-12-26 00:00:00', '1998-02-06 00:00:00', '1998-01-05 00:00:00', 3, '30.7600', 'Königlich Essen', 'Maubelstr. 90', 'Brandenburg', NULL, '14776', 'Alemania', 16),
(10800, 1, '1997-12-26 00:00:00', '1998-01-23 00:00:00', '1998-01-05 00:00:00', 3, '137.4400', 'Seven Seas Imports', '90 Wadhurst Rd.', 'London', NULL, 'OX15 4NB', 'Reino Unido', 23),
(10801, 4, '1997-12-29 00:00:00', '1998-01-26 00:00:00', '1997-12-31 00:00:00', 2, '97.0900', 'Bólido Comidas preparadas', 'C/ Araquil, 67', 'Madrid', NULL, '28023', 'España', 66),
(10802, 4, '1997-12-29 00:00:00', '1998-01-26 00:00:00', '1998-01-02 00:00:00', 2, '257.2600', 'Simons bistro', 'Vinbæltet 34', 'København', NULL, '1734', 'Dinamarca', 78),
(10803, 4, '1997-12-30 00:00:00', '1998-01-27 00:00:00', '1998-01-06 00:00:00', 1, '55.2300', 'Wellington Importadora', 'Rua do Mercado, 12', 'Resende', 'SP', '08737-363', 'Brasil', 11),
(10804, 6, '1997-12-30 00:00:00', '1998-01-27 00:00:00', '1998-01-07 00:00:00', 2, '27.3300', 'Seven Seas Imports', '90 Wadhurst Rd.', 'London', NULL, 'OX15 4NB', 'Reino Unido', 3),
(10805, 2, '1997-12-30 00:00:00', '1998-01-27 00:00:00', '1998-01-09 00:00:00', 3, '237.3400', 'The Big Cheese', '89 Jefferson Way\r\nSuite 2', 'Portland', 'OR', '97201', 'Estados Unidos', 75),
(10806, 3, '1997-12-31 00:00:00', '1998-01-28 00:00:00', '1998-01-05 00:00:00', 2, '22.1100', 'Victuailles en stock', '2, rue du Commerce', 'Lyon', NULL, '69004', 'Francia', 90),
(10807, 4, '1997-12-31 00:00:00', '1998-01-28 00:00:00', '1998-01-30 00:00:00', 1, '1.3600', 'Franchi S.p.A.', 'Via Monte Bianco 34', 'Torino', NULL, '10100', 'Italia', 45),
(10808, 2, '1998-01-01 00:00:00', '1998-01-29 00:00:00', '1998-01-09 00:00:00', 3, '45.5300', 'Old World Delicatessen', '2743 Bering St.', 'Anchorage', 'AK', '99508', 'Estados Unidos', 46),
(10809, 7, '1998-01-01 00:00:00', '1998-01-29 00:00:00', '1998-01-07 00:00:00', 1, '4.8700', 'Wellington Importadora', 'Rua do Mercado, 12', 'Resende', 'SP', '08737-363', 'Brasil', 1),
(10810, 2, '1998-01-01 00:00:00', '1998-01-29 00:00:00', '1998-01-07 00:00:00', 3, '4.3300', 'Laughing Bacchus Wine Cellars', '2319 Elm St.', 'Vancouver', 'BC', 'V3F 2K1', 'Canadá', 53),
(10811, 8, '1998-01-02 00:00:00', '1998-01-30 00:00:00', '1998-01-08 00:00:00', 1, '31.2200', 'LINO-Delicateses', 'Ave. 5 de Mayo Porlamar', 'I. de Margarita', 'Nueva Esparta', '4980', 'Venezuela', 78),
(10812, 5, '1998-01-02 00:00:00', '1998-01-30 00:00:00', '1998-01-12 00:00:00', 1, '59.7800', 'Reggiani Caseifici', 'Strada Provinciale 124', 'Reggio Emilia', NULL, '42100', 'Italia', 49),
(10813, 1, '1998-01-05 00:00:00', '1998-02-02 00:00:00', '1998-01-09 00:00:00', 1, '47.3800', 'Ricardo Adocicados', 'Av. Copacabana, 267', 'Río de Janeiro', 'RJ', '02389-890', 'Brasil', 13),
(10814, 3, '1998-01-05 00:00:00', '1998-02-02 00:00:00', '1998-01-14 00:00:00', 3, '130.9400', 'Victuailles en stock', '2, rue du Commerce', 'Lyon', NULL, '69004', 'Francia', 6),
(10815, 2, '1998-01-05 00:00:00', '1998-02-02 00:00:00', '1998-01-14 00:00:00', 3, '14.6200', 'Save-a-lot Markets', '187 Suffolk Ln.', 'Boise', 'ID', '83720', 'Estados Unidos', 82),
(10816, 4, '1998-01-06 00:00:00', '1998-02-03 00:00:00', '1998-02-04 00:00:00', 2, '719.7800', 'Great Lakes Food Market', '2732 Baker Blvd.', 'Eugene', 'OR', '97403', 'Estados Unidos', 31),
(10817, 3, '1998-01-06 00:00:00', '1998-01-20 00:00:00', '1998-01-13 00:00:00', 2, '306.0700', 'Königlich Essen', 'Maubelstr. 90', 'Brandenburg', NULL, '14776', 'Alemania', 88),
(10818, 7, '1998-01-07 00:00:00', '1998-02-04 00:00:00', '1998-01-12 00:00:00', 3, '65.4800', 'Magazzini Alimentari Riuniti', 'Via Ludovico il Moro 22', 'Bérgamo', NULL, '24100', 'Italia', 76),
(10819, 2, '1998-01-07 00:00:00', '1998-02-04 00:00:00', '1998-01-16 00:00:00', 3, '19.7600', 'Cactus Comidas para llevar', 'Cerrito 333', 'Buenos Aires', NULL, '1010', 'Argentina', 26),
(10820, 3, '1998-01-07 00:00:00', '1998-02-04 00:00:00', '1998-01-13 00:00:00', 2, '37.5200', 'Rattlesnake Canyon Grocery', '2817 Milton Dr.', 'Albuquerque', 'NM', '87110', 'Estados Unidos', 83),
(10821, 1, '1998-01-08 00:00:00', '1998-02-05 00:00:00', '1998-01-15 00:00:00', 1, '36.6800', 'Split Rail Beer & Ale', 'P.O. Box 555', 'Lander', 'WY', '82520', 'Estados Unidos', 64),
(10822, 6, '1998-01-08 00:00:00', '1998-02-05 00:00:00', '1998-01-16 00:00:00', 3, '7.0000', 'Trail\'s Head Gourmet Provisioners', '722 DaVinci Blvd.', 'Kirkland', 'WA', '98034', 'Estados Unidos', 71),
(10823, 5, '1998-01-09 00:00:00', '1998-02-06 00:00:00', '1998-01-13 00:00:00', 2, '163.9700', 'LILA-Supermercado', 'Carrera 52 con Ave. Bolívar #65-98 Llano Largo', 'Barquisimeto', 'Lara', '3508', 'Venezuela', 71),
(10824, 8, '1998-01-09 00:00:00', '1998-02-06 00:00:00', '1998-01-30 00:00:00', 1, '1.2300', 'Folk och fä HB', 'Åkergatan 24', 'Bräcke', NULL, 'S-844 67', 'Suecia', 52),
(10825, 1, '1998-01-09 00:00:00', '1998-02-06 00:00:00', '1998-01-14 00:00:00', 1, '79.2500', 'Drachenblut Delikatessen', 'Walserweg 21', 'Aachen', NULL, '52066', 'Alemania', 47),
(10826, 6, '1998-01-12 00:00:00', '1998-02-09 00:00:00', '1998-02-06 00:00:00', 1, '7.0900', 'Blondel père et fils', '24, place Kléber', 'Strasbourg', NULL, '67000', 'Francia', 77),
(10827, 1, '1998-01-12 00:00:00', '1998-01-26 00:00:00', '1998-02-06 00:00:00', 2, '63.5400', 'Bon app\'', '12, rue des Bouchers', 'Marseille', NULL, '13008', 'Francia', 63),
(10828, 9, '1998-01-13 00:00:00', '1998-01-27 00:00:00', '1998-02-04 00:00:00', 1, '90.8500', 'Rancho grande', 'Av. del Libertador 900', 'Buenos Aires', NULL, '1010', 'Argentina', 84),
(10829, 9, '1998-01-13 00:00:00', '1998-02-10 00:00:00', '1998-01-23 00:00:00', 1, '154.7200', 'Island Trading', 'Garden House\r\nCrowther Way', 'Cowes', 'Isle of Wight', 'PO31 7PJ', 'Reino Unido', 48),
(10830, 4, '1998-01-13 00:00:00', '1998-02-24 00:00:00', '1998-01-21 00:00:00', 2, '81.8300', 'Tradição Hipermercados', 'Av. Inês de Castro, 414', 'São Paulo', 'SP', '05634-030', 'Brasil', 80),
(10831, 3, '1998-01-14 00:00:00', '1998-02-11 00:00:00', '1998-01-23 00:00:00', 2, '72.1900', 'Santé Gourmet', 'Erling Skakkes gate 78', 'Stavern', NULL, '4110', 'Noruega', 72),
(10832, 2, '1998-01-14 00:00:00', '1998-02-11 00:00:00', '1998-01-19 00:00:00', 2, '43.2600', 'La maison d\'Asie', '1 rue Alsace-Lorraine', 'Toulouse', NULL, '31000', 'Francia', 29),
(10833, 6, '1998-01-15 00:00:00', '1998-02-12 00:00:00', '1998-01-23 00:00:00', 2, '71.4900', 'Ottilies Käseladen', 'Mehrheimerstr. 369', 'Köln', NULL, '50739', 'Alemania', 22),
(10834, 1, '1998-01-15 00:00:00', '1998-02-12 00:00:00', '1998-01-19 00:00:00', 3, '29.7800', 'Tradição Hipermercados', 'Av. Inês de Castro, 414', 'São Paulo', 'SP', '05634-030', 'Brasil', 24),
(10835, 1, '1998-01-15 00:00:00', '1998-02-12 00:00:00', '1998-01-21 00:00:00', 3, '69.5300', 'Alfreds Futterkiste', 'Obere Str. 57', 'Berlín', NULL, '12209', 'Alemania', 53),
(10836, 7, '1998-01-16 00:00:00', '1998-02-13 00:00:00', '1998-01-21 00:00:00', 1, '411.8800', 'Ernst Handel', 'Kirchgasse 6', 'Graz', NULL, '8010', 'Austria', 10),
(10837, 9, '1998-01-16 00:00:00', '1998-02-13 00:00:00', '1998-01-23 00:00:00', 3, '13.3200', 'Berglunds snabbköp', 'Berguvsvägen  8', 'Luleå', NULL, 'S-958 22', 'Suecia', 75),
(10838, 3, '1998-01-19 00:00:00', '1998-02-16 00:00:00', '1998-01-23 00:00:00', 3, '59.2800', 'LINO-Delicateses', 'Ave. 5 de Mayo Porlamar', 'I. de Margarita', 'Nueva Esparta', '4980', 'Venezuela', 70),
(10839, 3, '1998-01-19 00:00:00', '1998-02-16 00:00:00', '1998-01-22 00:00:00', 3, '35.4300', 'Tradição Hipermercados', 'Av. Inês de Castro, 414', 'São Paulo', 'SP', '05634-030', 'Brasil', 35),
(10840, 4, '1998-01-19 00:00:00', '1998-03-02 00:00:00', '1998-02-16 00:00:00', 2, '2.7100', 'LINO-Delicateses', 'Ave. 5 de Mayo Porlamar', 'I. de Margarita', 'Nueva Esparta', '4980', 'Venezuela', 57),
(10841, 5, '1998-01-20 00:00:00', '1998-02-17 00:00:00', '1998-01-29 00:00:00', 2, '424.3000', 'Suprêmes délices', 'Boulevard Tirou, 255', 'Charleroi', NULL, 'B-6000', 'Bélgica', 89),
(10842, 1, '1998-01-20 00:00:00', '1998-02-17 00:00:00', '1998-01-29 00:00:00', 3, '54.4200', 'Tortuga Restaurante', 'Avda. Azteca 123', 'México D.F.', NULL, '05033', 'México', 3),
(10843, 4, '1998-01-21 00:00:00', '1998-02-18 00:00:00', '1998-01-26 00:00:00', 2, '9.2600', 'Victuailles en stock', '2, rue du Commerce', 'Lyon', NULL, '69004', 'Francia', 17),
(10844, 8, '1998-01-21 00:00:00', '1998-02-18 00:00:00', '1998-01-26 00:00:00', 2, '25.2200', 'Piccolo und mehr', 'Geislweg 14', 'Salzburg', NULL, '5020', 'Austria', 79),
(10845, 8, '1998-01-21 00:00:00', '1998-02-04 00:00:00', '1998-01-30 00:00:00', 1, '212.9800', 'QUICK-Stop', 'Taucherstraße 10', 'Cunewalde', NULL, '01307', 'Alemania', 69),
(10846, 2, '1998-01-22 00:00:00', '1998-03-05 00:00:00', '1998-01-23 00:00:00', 3, '56.4600', 'Suprêmes délices', 'Boulevard Tirou, 255', 'Charleroi', NULL, 'B-6000', 'Bélgica', 16),
(10847, 4, '1998-01-22 00:00:00', '1998-02-05 00:00:00', '1998-02-10 00:00:00', 3, '487.5700', 'Save-a-lot Markets', '187 Suffolk Ln.', 'Boise', 'ID', '83720', 'Estados Unidos', 57),
(10848, 7, '1998-01-23 00:00:00', '1998-02-20 00:00:00', '1998-01-29 00:00:00', 2, '38.2400', 'Consolidated Holdings', 'Berkeley Gardens\r\n12  Brewery ', 'London', NULL, 'WX1 6LT', 'Reino Unido', 54),
(10849, 9, '1998-01-23 00:00:00', '1998-02-20 00:00:00', '1998-01-30 00:00:00', 2, '0.5600', 'Königlich Essen', 'Maubelstr. 90', 'Brandenburg', NULL, '14776', 'Alemania', 10),
(10850, 1, '1998-01-23 00:00:00', '1998-03-06 00:00:00', '1998-01-30 00:00:00', 1, '49.1900', 'Victuailles en stock', '2, rue du Commerce', 'Lyon', NULL, '69004', 'Francia', 67),
(10851, 5, '1998-01-26 00:00:00', '1998-02-23 00:00:00', '1998-02-02 00:00:00', 1, '160.5500', 'Ricardo Adocicados', 'Av. Copacabana, 267', 'Río de Janeiro', 'RJ', '02389-890', 'Brasil', 34),
(10852, 8, '1998-01-26 00:00:00', '1998-02-09 00:00:00', '1998-01-30 00:00:00', 1, '174.0500', 'Rattlesnake Canyon Grocery', '2817 Milton Dr.', 'Albuquerque', 'NM', '87110', 'Estados Unidos', 59),
(10853, 9, '1998-01-27 00:00:00', '1998-02-24 00:00:00', '1998-02-03 00:00:00', 2, '53.8300', 'Blauer See Delikatessen', 'Forsterstr. 57', 'Mannheim', NULL, '68306', 'Alemania', 13),
(10854, 3, '1998-01-27 00:00:00', '1998-02-24 00:00:00', '1998-02-05 00:00:00', 2, '100.2200', 'Ernst Handel', 'Kirchgasse 6', 'Graz', NULL, '8010', 'Austria', 68),
(10855, 3, '1998-01-27 00:00:00', '1998-02-24 00:00:00', '1998-02-04 00:00:00', 1, '170.9700', 'Old World Delicatessen', '2743 Bering St.', 'Anchorage', 'AK', '99508', 'Estados Unidos', 27),
(10856, 3, '1998-01-28 00:00:00', '1998-02-25 00:00:00', '1998-02-10 00:00:00', 2, '58.4300', 'Antonio Moreno Taquería', 'Mataderos  2312', 'México D.F.', NULL, '05023', 'México', 22),
(10857, 8, '1998-01-28 00:00:00', '1998-02-25 00:00:00', '1998-02-06 00:00:00', 2, '188.8500', 'Berglunds snabbköp', 'Berguvsvägen  8', 'Luleå', NULL, 'S-958 22', 'Suecia', 31),
(10858, 2, '1998-01-29 00:00:00', '1998-02-26 00:00:00', '1998-02-03 00:00:00', 1, '52.5100', 'La corne d\'abondance', '67, avenue de l\'Europe', 'Versailles', NULL, '78000', 'Francia', 89),
(10859, 1, '1998-01-29 00:00:00', '1998-02-26 00:00:00', '1998-02-02 00:00:00', 2, '76.1000', 'Frankenversand', 'Berliner Platz 43', 'München', NULL, '80805', 'Alemania', 80),
(10860, 3, '1998-01-29 00:00:00', '1998-02-26 00:00:00', '1998-02-04 00:00:00', 3, '19.2600', 'France restauration', '54, rue Royale', 'Nantes', NULL, '44000', 'Francia', 41),
(10861, 4, '1998-01-30 00:00:00', '1998-02-27 00:00:00', '1998-02-17 00:00:00', 2, '14.9300', 'White Clover Markets', '1029 - 12th Ave. S.', 'Seattle', 'WA', '98124', 'Estados Unidos', 58),
(10862, 8, '1998-01-30 00:00:00', '1998-03-13 00:00:00', '1998-02-02 00:00:00', 2, '53.2300', 'Lehmanns Marktstand', 'Magazinweg 7', 'Frankfurt a.M. ', NULL, '60528', 'Alemania', 72),
(10863, 4, '1998-02-02 00:00:00', '1998-03-02 00:00:00', '1998-02-17 00:00:00', 2, '30.2600', 'HILARIÓN-Abastos', 'Carrera 22 con Ave. Carlos Soublette #8-35', 'San Cristóbal', 'Táchira', '5022', 'Venezuela', 8),
(10864, 4, '1998-02-02 00:00:00', '1998-03-02 00:00:00', '1998-02-09 00:00:00', 2, '3.0400', 'Around the Horn', 'Brook Farm\r\nStratford St. Mary', 'Colchester', 'Essex', 'CO7 6JX', 'Reino Unido', 3),
(10865, 2, '1998-02-02 00:00:00', '1998-02-16 00:00:00', '1998-02-12 00:00:00', 1, '348.1400', 'QUICK-Stop', 'Taucherstraße 10', 'Cunewalde', NULL, '01307', 'Alemania', 82),
(10866, 5, '1998-02-03 00:00:00', '1998-03-03 00:00:00', '1998-02-12 00:00:00', 1, '109.1100', 'Berglunds snabbköp', 'Berguvsvägen  8', 'Luleå', NULL, 'S-958 22', 'Suecia', 37),
(10867, 6, '1998-02-03 00:00:00', '1998-03-17 00:00:00', '1998-02-11 00:00:00', 1, '1.9300', 'Lonesome Pine Restaurant', '89 Chiaroscuro Rd.', 'Portland', 'OR', '97219', 'Estados Unidos', 31),
(10868, 7, '1998-02-04 00:00:00', '1998-03-04 00:00:00', '1998-02-23 00:00:00', 2, '191.2700', 'Queen Cozinha', 'Alameda dos Canàrios, 891', 'São Paulo', 'SP', '05487-020', 'Brasil', 44),
(10869, 5, '1998-02-04 00:00:00', '1998-03-04 00:00:00', '1998-02-09 00:00:00', 1, '143.2800', 'Seven Seas Imports', '90 Wadhurst Rd.', 'London', NULL, 'OX15 4NB', 'Reino Unido', 34),
(10870, 5, '1998-02-04 00:00:00', '1998-03-04 00:00:00', '1998-02-13 00:00:00', 3, '12.0400', 'White Clover Markets', '305 - 14th Ave. S.\r\nSuite 3B', 'Seattle', 'WA', '98128', 'Estados Unidos', 39),
(10871, 9, '1998-02-05 00:00:00', '1998-03-05 00:00:00', '1998-02-10 00:00:00', 2, '112.2700', 'Bon app\'', '12, rue des Bouchers', 'Marseille', NULL, '13008', 'Francia', 1),
(10872, 5, '1998-02-05 00:00:00', '1998-03-05 00:00:00', '1998-02-09 00:00:00', 2, '175.3200', 'Godos Cocina Típica', 'C/ Romero, 33', 'Sevilla', NULL, '41101', 'España', 73),
(10873, 4, '1998-02-06 00:00:00', '1998-03-06 00:00:00', '1998-02-09 00:00:00', 1, '0.8200', 'Wilman Kala', 'Keskuskatu 45', 'Helsinki', NULL, '21240', 'Finlandia', 87),
(10874, 5, '1998-02-06 00:00:00', '1998-03-06 00:00:00', '1998-02-11 00:00:00', 2, '19.5800', 'Godos Cocina Típica', 'C/ Romero, 33', 'Sevilla', NULL, '41101', 'España', 34),
(10875, 4, '1998-02-06 00:00:00', '1998-03-06 00:00:00', '1998-03-03 00:00:00', 2, '32.3700', 'Berglunds snabbköp', 'Berguvsvägen  8', 'Luleå', NULL, 'S-958 22', 'Suecia', 90),
(10876, 7, '1998-02-09 00:00:00', '1998-03-09 00:00:00', '1998-02-12 00:00:00', 3, '60.4200', 'Bon app\'', '12, rue des Bouchers', 'Marseille', NULL, '13008', 'Francia', 75),
(10877, 1, '1998-02-09 00:00:00', '1998-03-09 00:00:00', '1998-02-19 00:00:00', 1, '38.0600', 'Ricardo Adocicados', 'Av. Copacabana, 267', 'Río de Janeiro', 'RJ', '02389-890', 'Brasil', 15),
(10878, 4, '1998-02-10 00:00:00', '1998-03-10 00:00:00', '1998-02-12 00:00:00', 1, '46.6900', 'QUICK-Stop', 'Taucherstraße 10', 'Cunewalde', NULL, '01307', 'Alemania', 32),
(10879, 3, '1998-02-10 00:00:00', '1998-03-10 00:00:00', '1998-02-12 00:00:00', 3, '8.5000', 'Wilman Kala', 'Keskuskatu 45', 'Helsinki', NULL, '21240', 'Finlandia', 23),
(10880, 7, '1998-02-10 00:00:00', '1998-03-24 00:00:00', '1998-02-18 00:00:00', 1, '88.0100', 'Folk och fä HB', 'Åkergatan 24', 'Bräcke', NULL, 'S-844 67', 'Suecia', 19),
(10881, 4, '1998-02-11 00:00:00', '1998-03-11 00:00:00', '1998-02-18 00:00:00', 1, '2.8400', 'Cactus Comidas para llevar', 'Cerrito 333', 'Buenos Aires', NULL, '1010', 'Argentina', 25),
(10882, 4, '1998-02-11 00:00:00', '1998-03-11 00:00:00', '1998-02-20 00:00:00', 3, '23.1000', 'Save-a-lot Markets', '187 Suffolk Ln.', 'Boise', 'ID', '83720', 'Estados Unidos', 67),
(10883, 8, '1998-02-12 00:00:00', '1998-03-12 00:00:00', '1998-02-20 00:00:00', 3, '0.5300', 'Lonesome Pine Restaurant', '89 Chiaroscuro Rd.', 'Portland', 'OR', '97219', 'Estados Unidos', 80),
(10884, 4, '1998-02-12 00:00:00', '1998-03-12 00:00:00', '1998-02-13 00:00:00', 2, '90.9700', 'Let\'s Stop N Shop', '87 Polk St.\r\nSuite 5', 'San Francisco', 'CA', '94117', 'Estados Unidos', 17),
(10885, 6, '1998-02-12 00:00:00', '1998-03-12 00:00:00', '1998-02-18 00:00:00', 3, '5.6400', 'Suprêmes délices', 'Boulevard Tirou, 255', 'Charleroi', NULL, 'B-6000', 'Bélgica', 26),
(10886, 1, '1998-02-13 00:00:00', '1998-03-13 00:00:00', '1998-03-02 00:00:00', 1, '4.9900', 'Hanari Carnes', 'Rua do Paço, 67', 'Río de Janeiro', 'RJ', '05454-876', 'Brasil', 81),
(10887, 8, '1998-02-13 00:00:00', '1998-03-13 00:00:00', '1998-02-16 00:00:00', 3, '1.2500', 'Galería del gastronómo', 'Rambla de Cataluña, 23', 'Barcelona', NULL, '8022', 'España', 51),
(10888, 1, '1998-02-16 00:00:00', '1998-03-16 00:00:00', '1998-02-23 00:00:00', 2, '51.8700', 'Godos Cocina Típica', 'C/ Romero, 33', 'Sevilla', NULL, '41101', 'España', 14),
(10889, 9, '1998-02-16 00:00:00', '1998-03-16 00:00:00', '1998-02-23 00:00:00', 3, '280.6100', 'Rattlesnake Canyon Grocery', '2817 Milton Dr.', 'Albuquerque', 'NM', '87110', 'Estados Unidos', 7),
(10890, 7, '1998-02-16 00:00:00', '1998-03-16 00:00:00', '1998-02-18 00:00:00', 1, '32.7600', 'Du monde entier', '67, rue des Cinquante Otages', 'Nantes', NULL, '44000', 'Francia', 84),
(10891, 7, '1998-02-17 00:00:00', '1998-03-17 00:00:00', '1998-02-19 00:00:00', 2, '20.3700', 'Lehmanns Marktstand', 'Magazinweg 7', 'Frankfurt a.M. ', NULL, '60528', 'Alemania', 34),
(10892, 4, '1998-02-17 00:00:00', '1998-03-17 00:00:00', '1998-02-19 00:00:00', 2, '120.2700', 'Maison Dewey', 'Rue Joseph-Bens 532', 'Bruxelles', NULL, 'B-1180', 'Bélgica', 8),
(10893, 9, '1998-02-18 00:00:00', '1998-03-18 00:00:00', '1998-02-20 00:00:00', 2, '77.7800', 'Königlich Essen', 'Maubelstr. 90', 'Brandenburg', NULL, '14776', 'Alemania', 30),
(10894, 1, '1998-02-18 00:00:00', '1998-03-18 00:00:00', '1998-02-20 00:00:00', 1, '116.1300', 'Save-a-lot Markets', '187 Suffolk Ln.', 'Boise', 'ID', '83720', 'Estados Unidos', 37),
(10895, 3, '1998-02-18 00:00:00', '1998-03-18 00:00:00', '1998-02-23 00:00:00', 1, '162.7500', 'Ernst Handel', 'Kirchgasse 6', 'Graz', NULL, '8010', 'Austria', 4),
(10896, 7, '1998-02-19 00:00:00', '1998-03-19 00:00:00', '1998-02-27 00:00:00', 3, '32.4500', 'Maison Dewey', 'Rue Joseph-Bens 532', 'Bruxelles', NULL, 'B-1180', 'Bélgica', 89),
(10897, 3, '1998-02-19 00:00:00', '1998-03-19 00:00:00', '1998-02-25 00:00:00', 2, '603.5400', 'Hungry Owl All-Night Grocers', '8 Johnstown Road', 'Cork', 'Co. Cork', NULL, 'Irlanda', 70),
(10898, 4, '1998-02-20 00:00:00', '1998-03-20 00:00:00', '1998-03-06 00:00:00', 2, '1.2700', 'Océano Atlántico Ltda.', 'Ing. Gustavo Moncada 8585\r\nPiso 20-A', 'Buenos Aires', NULL, '1010', 'Argentina', 82),
(10899, 5, '1998-02-20 00:00:00', '1998-03-20 00:00:00', '1998-02-26 00:00:00', 3, '1.2100', 'LILA-Supermercado', 'Carrera 52 con Ave. Bolívar #65-98 Llano Largo', 'Barquisimeto', 'Lara', '3508', 'Venezuela', 19),
(10900, 1, '1998-02-20 00:00:00', '1998-03-20 00:00:00', '1998-03-04 00:00:00', 2, '1.6600', 'Wellington Importadora', 'Rua do Mercado, 12', 'Resende', 'SP', '08737-363', 'Brasil', 29),
(10901, 4, '1998-02-23 00:00:00', '1998-03-23 00:00:00', '1998-02-26 00:00:00', 1, '62.0900', 'HILARIÓN-Abastos', 'Carrera 22 con Ave. Carlos Soublette #8-35', 'San Cristóbal', 'Táchira', '5022', 'Venezuela', 89),
(10902, 1, '1998-02-23 00:00:00', '1998-03-23 00:00:00', '1998-03-03 00:00:00', 1, '44.1500', 'Folk och fä HB', 'Åkergatan 24', 'Bräcke', NULL, 'S-844 67', 'Suecia', 85),
(10903, 3, '1998-02-24 00:00:00', '1998-03-24 00:00:00', '1998-03-04 00:00:00', 3, '36.7100', 'Hanari Carnes', 'Rua do Paço, 67', 'Río de Janeiro', 'RJ', '05454-876', 'Brasil', 68),
(10904, 3, '1998-02-24 00:00:00', '1998-03-24 00:00:00', '1998-02-27 00:00:00', 3, '162.9500', 'White Clover Markets', '1029 - 12th Ave. S.', 'Seattle', 'WA', '98124', 'Estados Unidos', 84),
(10905, 9, '1998-02-24 00:00:00', '1998-03-24 00:00:00', '1998-03-06 00:00:00', 2, '13.7200', 'Wellington Importadora', 'Rua do Mercado, 12', 'Resende', 'SP', '08737-363', 'Brasil', 33),
(10906, 4, '1998-02-25 00:00:00', '1998-03-11 00:00:00', '1998-03-03 00:00:00', 3, '26.2900', 'Wolski Zajazd', 'ul. Filtrowa 68', 'Warszawa', NULL, '01-012', 'Polonia', 4),
(10907, 6, '1998-02-25 00:00:00', '1998-03-25 00:00:00', '1998-02-27 00:00:00', 3, '9.1900', 'Spécialités du monde', '25, rue Lauriston', 'Paris', NULL, '75016', 'Francia', 14),
(10908, 4, '1998-02-26 00:00:00', '1998-03-26 00:00:00', '1998-03-06 00:00:00', 2, '32.9600', 'Reggiani Caseifici', 'Strada Provinciale 124', 'Reggio Emilia', NULL, '42100', 'Italia', 56),
(10909, 1, '1998-02-26 00:00:00', '1998-03-26 00:00:00', '1998-03-10 00:00:00', 2, '53.0500', 'Santé Gourmet', 'Erling Skakkes gate 78', 'Stavern', NULL, '4110', 'Noruega', 55),
(10910, 1, '1998-02-26 00:00:00', '1998-03-26 00:00:00', '1998-03-04 00:00:00', 3, '38.1100', 'Wilman Kala', 'Keskuskatu 45', 'Helsinki', NULL, '21240', 'Finlandia', 17),
(10911, 3, '1998-02-26 00:00:00', '1998-03-26 00:00:00', '1998-03-05 00:00:00', 1, '38.1900', 'Godos Cocina Típica', 'C/ Romero, 33', 'Sevilla', NULL, '41101', 'España', 10),
(10912, 2, '1998-02-26 00:00:00', '1998-03-26 00:00:00', '1998-03-18 00:00:00', 2, '580.9100', 'Hungry Owl All-Night Grocers', '8 Johnstown Road', 'Cork', 'Co. Cork', NULL, 'Irlanda', 91),
(10913, 4, '1998-02-26 00:00:00', '1998-03-26 00:00:00', '1998-03-04 00:00:00', 1, '33.0500', 'Queen Cozinha', 'Alameda dos Canàrios, 891', 'São Paulo', 'SP', '05487-020', 'Brasil', 60),
(10914, 6, '1998-02-27 00:00:00', '1998-03-27 00:00:00', '1998-03-02 00:00:00', 1, '21.1900', 'Queen Cozinha', 'Alameda dos Canàrios, 891', 'São Paulo', 'SP', '05487-020', 'Brasil', 27),
(10915, 2, '1998-02-27 00:00:00', '1998-03-27 00:00:00', '1998-03-02 00:00:00', 2, '3.5100', 'Tortuga Restaurante', 'Avda. Azteca 123', 'México D.F.', NULL, '05033', 'México', 46),
(10916, 1, '1998-02-27 00:00:00', '1998-03-27 00:00:00', '1998-03-09 00:00:00', 2, '63.7700', 'Rancho grande', 'Av. del Libertador 900', 'Buenos Aires', NULL, '1010', 'Argentina', 60),
(10917, 4, '1998-03-02 00:00:00', '1998-03-30 00:00:00', '1998-03-11 00:00:00', 2, '8.2900', 'Romero y tomillo', 'Gran Vía, 1', 'Madrid', NULL, '28001', 'España', 71),
(10918, 3, '1998-03-02 00:00:00', '1998-03-30 00:00:00', '1998-03-11 00:00:00', 3, '48.8300', 'Bottom-Dollar Markets', '23 Tsawassen Blvd.', 'Tsawassen', 'BC', 'T2F 8M4', 'Canadá', 83),
(10919, 2, '1998-03-02 00:00:00', '1998-03-30 00:00:00', '1998-03-04 00:00:00', 2, '19.8000', 'LINO-Delicateses', 'Ave. 5 de Mayo Porlamar', 'I. de Margarita', 'Nueva Esparta', '4980', 'Venezuela', 21),
(10920, 4, '1998-03-03 00:00:00', '1998-03-31 00:00:00', '1998-03-09 00:00:00', 2, '29.6100', 'Around the Horn', 'Brook Farm\r\nStratford St. Mary', 'Colchester', 'Essex', 'CO7 6JX', 'Reino Unido', 37),
(10921, 1, '1998-03-03 00:00:00', '1998-04-14 00:00:00', '1998-03-09 00:00:00', 1, '176.4800', 'Vaffeljernet', 'Smagsløget 45', 'Århus', NULL, '8200', 'Dinamarca', 32),
(10922, 5, '1998-03-03 00:00:00', '1998-03-31 00:00:00', '1998-03-05 00:00:00', 3, '62.7400', 'Hanari Carnes', 'Rua do Paço, 67', 'Río de Janeiro', 'RJ', '05454-876', 'Brasil', 47),
(10923, 7, '1998-03-03 00:00:00', '1998-04-14 00:00:00', '1998-03-13 00:00:00', 3, '68.2600', 'La maison d\'Asie', '1 rue Alsace-Lorraine', 'Toulouse', NULL, '31000', 'Francia', 47),
(10924, 3, '1998-03-04 00:00:00', '1998-04-01 00:00:00', '1998-04-08 00:00:00', 2, '151.5200', 'Berglunds snabbköp', 'Berguvsvägen  8', 'Luleå', NULL, 'S-958 22', 'Suecia', 5),
(10925, 3, '1998-03-04 00:00:00', '1998-04-01 00:00:00', '1998-03-13 00:00:00', 1, '2.2700', 'Hanari Carnes', 'Rua do Paço, 67', 'Río de Janeiro', 'RJ', '05454-876', 'Brasil', 64),
(10926, 4, '1998-03-04 00:00:00', '1998-04-01 00:00:00', '1998-03-11 00:00:00', 3, '39.9200', 'Ana Trujillo Emparedados y helados', 'Avda. de la Constitución 2222', 'México D.F.', NULL, '05021', 'México', 32),
(10927, 4, '1998-03-05 00:00:00', '1998-04-02 00:00:00', '1998-04-08 00:00:00', 1, '19.7900', 'La corne d\'abondance', '67, avenue de l\'Europe', 'Versailles', NULL, '78000', 'Francia', 58),
(10928, 1, '1998-03-05 00:00:00', '1998-04-02 00:00:00', '1998-03-18 00:00:00', 1, '1.3600', 'Galería del gastronómo', 'Rambla de Cataluña, 23', 'Barcelona', NULL, '8022', 'España', 14),
(10929, 6, '1998-03-05 00:00:00', '1998-04-02 00:00:00', '1998-03-12 00:00:00', 1, '33.9300', 'Frankenversand', 'Berliner Platz 43', 'München', NULL, '80805', 'Alemania', 77),
(10930, 4, '1998-03-06 00:00:00', '1998-04-17 00:00:00', '1998-03-18 00:00:00', 3, '15.5500', 'Suprêmes délices', 'Boulevard Tirou, 255', 'Charleroi', NULL, 'B-6000', 'Bélgica', 71),
(10931, 4, '1998-03-06 00:00:00', '1998-03-20 00:00:00', '1998-03-19 00:00:00', 2, '13.6000', 'Richter Supermarkt', 'Starenweg 5', 'Genève', NULL, '1204', 'Suiza', 31),
(10932, 8, '1998-03-06 00:00:00', '1998-04-03 00:00:00', '1998-03-24 00:00:00', 1, '134.6400', 'Bon app\'', '12, rue des Bouchers', 'Marseille', NULL, '13008', 'Francia', 33),
(10933, 6, '1998-03-06 00:00:00', '1998-04-03 00:00:00', '1998-03-16 00:00:00', 3, '54.1500', 'Island Trading', 'Garden House\r\nCrowther Way', 'Cowes', 'Isle of Wight', 'PO31 7PJ', 'Reino Unido', 71),
(10934, 3, '1998-03-09 00:00:00', '1998-04-06 00:00:00', '1998-03-12 00:00:00', 3, '32.0100', 'Lehmanns Marktstand', 'Magazinweg 7', 'Frankfurt a.M. ', NULL, '60528', 'Alemania', 75),
(10935, 4, '1998-03-09 00:00:00', '1998-04-06 00:00:00', '1998-03-18 00:00:00', 3, '47.5900', 'Wellington Importadora', 'Rua do Mercado, 12', 'Resende', 'SP', '08737-363', 'Brasil', 73),
(10936, 3, '1998-03-09 00:00:00', '1998-04-06 00:00:00', '1998-03-18 00:00:00', 2, '33.6800', 'Great Lakes Food Market', '2732 Baker Blvd.', 'Eugene', 'OR', '97403', 'Estados Unidos', 49),
(10937, 7, '1998-03-10 00:00:00', '1998-03-24 00:00:00', '1998-03-13 00:00:00', 3, '31.5100', 'Cactus Comidas para llevar', 'Cerrito 333', 'Buenos Aires', NULL, '1010', 'Argentina', 25),
(10938, 3, '1998-03-10 00:00:00', '1998-04-07 00:00:00', '1998-03-16 00:00:00', 2, '31.8900', 'QUICK-Stop', 'Taucherstraße 10', 'Cunewalde', NULL, '01307', 'Alemania', 69),
(10939, 2, '1998-03-10 00:00:00', '1998-04-07 00:00:00', '1998-03-13 00:00:00', 2, '76.3300', 'Magazzini Alimentari Riuniti', 'Via Ludovico il Moro 22', 'Bérgamo', NULL, '24100', 'Italia', 88),
(10940, 8, '1998-03-11 00:00:00', '1998-04-08 00:00:00', '1998-03-23 00:00:00', 3, '19.7700', 'Bon app\'', '12, rue des Bouchers', 'Marseille', NULL, '13008', 'Francia', 53),
(10941, 7, '1998-03-11 00:00:00', '1998-04-08 00:00:00', '1998-03-20 00:00:00', 2, '400.8100', 'Save-a-lot Markets', '187 Suffolk Ln.', 'Boise', 'ID', '83720', 'Estados Unidos', 90),
(10942, 9, '1998-03-11 00:00:00', '1998-04-08 00:00:00', '1998-03-18 00:00:00', 3, '17.9500', 'Reggiani Caseifici', 'Strada Provinciale 124', 'Reggio Emilia', NULL, '42100', 'Italia', 19),
(10943, 4, '1998-03-11 00:00:00', '1998-04-08 00:00:00', '1998-03-19 00:00:00', 2, '2.1700', 'B\'s Beverages', 'Fauntleroy Circus', 'London', NULL, 'EC2 5NT', 'Reino Unido', 6),
(10944, 6, '1998-03-12 00:00:00', '1998-03-26 00:00:00', '1998-03-13 00:00:00', 3, '52.9200', 'Bottom-Dollar Markets', '23 Tsawassen Blvd.', 'Tsawassen', 'BC', 'T2F 8M4', 'Canadá', 63),
(10945, 4, '1998-03-12 00:00:00', '1998-04-09 00:00:00', '1998-03-18 00:00:00', 1, '10.2200', 'Morgenstern Gesundkost', 'Heerstr. 22', 'Leipzig', NULL, '04179', 'Alemania', 25),
(10946, 1, '1998-03-12 00:00:00', '1998-04-09 00:00:00', '1998-03-19 00:00:00', 2, '27.2000', 'Vaffeljernet', 'Smagsløget 45', 'Århus', NULL, '8200', 'Dinamarca', 27),
(10947, 3, '1998-03-13 00:00:00', '1998-04-10 00:00:00', '1998-03-16 00:00:00', 2, '3.2600', 'B\'s Beverages', 'Fauntleroy Circus', 'London', NULL, 'EC2 5NT', 'Reino Unido', 60),
(10948, 3, '1998-03-13 00:00:00', '1998-04-10 00:00:00', '1998-03-19 00:00:00', 3, '23.3900', 'Godos Cocina Típica', 'C/ Romero, 33', 'Sevilla', NULL, '41101', 'España', 36),
(10949, 2, '1998-03-13 00:00:00', '1998-04-10 00:00:00', '1998-03-17 00:00:00', 3, '74.4400', 'Bottom-Dollar Markets', '23 Tsawassen Blvd.', 'Tsawassen', 'BC', 'T2F 8M4', 'Canadá', 91),
(10950, 1, '1998-03-16 00:00:00', '1998-04-13 00:00:00', '1998-03-23 00:00:00', 2, '2.5000', 'Magazzini Alimentari Riuniti', 'Via Ludovico il Moro 22', 'Bérgamo', NULL, '24100', 'Italia', 74),
(10951, 9, '1998-03-16 00:00:00', '1998-04-27 00:00:00', '1998-04-07 00:00:00', 2, '30.8500', 'Richter Supermarkt', 'Starenweg 5', 'Genève', NULL, '1204', 'Suiza', 8),
(10952, 1, '1998-03-16 00:00:00', '1998-04-27 00:00:00', '1998-03-24 00:00:00', 1, '40.4200', 'Alfreds Futterkiste', 'Obere Str. 57', 'Berlín', NULL, '12209', 'Alemania', 89),
(10953, 9, '1998-03-16 00:00:00', '1998-03-30 00:00:00', '1998-03-25 00:00:00', 2, '23.7200', 'Around the Horn', 'Brook Farm\r\nStratford St. Mary', 'Colchester', 'Essex', 'CO7 6JX', 'Reino Unido', 59),
(10954, 5, '1998-03-17 00:00:00', '1998-04-28 00:00:00', '1998-03-20 00:00:00', 1, '27.9100', 'LINO-Delicateses', 'Ave. 5 de Mayo Porlamar', 'I. de Margarita', 'Nueva Esparta', '4980', 'Venezuela', 29),
(10955, 8, '1998-03-17 00:00:00', '1998-04-14 00:00:00', '1998-03-20 00:00:00', 2, '3.2600', 'Folk och fä HB', 'Åkergatan 24', 'Bräcke', NULL, 'S-844 67', 'Suecia', 56),
(10956, 6, '1998-03-17 00:00:00', '1998-04-28 00:00:00', '1998-03-20 00:00:00', 2, '44.6500', 'Blauer See Delikatessen', 'Forsterstr. 57', 'Mannheim', NULL, '68306', 'Alemania', 12),
(10957, 8, '1998-03-18 00:00:00', '1998-04-15 00:00:00', '1998-03-27 00:00:00', 3, '105.3600', 'HILARIÓN-Abastos', 'Carrera 22 con Ave. Carlos Soublette #8-35', 'San Cristóbal', 'Táchira', '5022', 'Venezuela', 75),
(10958, 7, '1998-03-18 00:00:00', '1998-04-15 00:00:00', '1998-03-27 00:00:00', 2, '49.5600', 'Océano Atlántico Ltda.', 'Ing. Gustavo Moncada 8585\r\nPiso 20-A', 'Buenos Aires', NULL, '1010', 'Argentina', 67),
(10959, 6, '1998-03-18 00:00:00', '1998-04-29 00:00:00', '1998-03-23 00:00:00', 2, '4.9800', 'Gourmet Lanchonetes', 'Av. Brasil, 442', 'Campinas', 'SP', '04876-786', 'Brasil', 19),
(10960, 3, '1998-03-19 00:00:00', '1998-04-02 00:00:00', '1998-04-08 00:00:00', 1, '2.0800', 'HILARIÓN-Abastos', 'Carrera 22 con Ave. Carlos Soublette #8-35', 'San Cristóbal', 'Táchira', '5022', 'Venezuela', 74),
(10961, 8, '1998-03-19 00:00:00', '1998-04-16 00:00:00', '1998-03-30 00:00:00', 1, '104.4700', 'Queen Cozinha', 'Alameda dos Canàrios, 891', 'São Paulo', 'SP', '05487-020', 'Brasil', 41),
(10962, 8, '1998-03-19 00:00:00', '1998-04-16 00:00:00', '1998-03-23 00:00:00', 2, '275.7900', 'QUICK-Stop', 'Taucherstraße 10', 'Cunewalde', NULL, '01307', 'Alemania', 76),
(10963, 9, '1998-03-19 00:00:00', '1998-04-16 00:00:00', '1998-03-26 00:00:00', 3, '2.7000', 'Furia Bacalhau e Frutos do Mar', 'Jardim das rosas n. 32', 'Lisboa', NULL, '1675', 'Portugal', 73),
(10964, 3, '1998-03-20 00:00:00', '1998-04-17 00:00:00', '1998-03-24 00:00:00', 2, '87.3800', 'Spécialités du monde', '25, rue Lauriston', 'Paris', NULL, '75016', 'Francia', 47),
(10965, 6, '1998-03-20 00:00:00', '1998-04-17 00:00:00', '1998-03-30 00:00:00', 3, '144.3800', 'Old World Delicatessen', '2743 Bering St.', 'Anchorage', 'AK', '99508', 'Estados Unidos', 16),
(10966, 4, '1998-03-20 00:00:00', '1998-04-17 00:00:00', '1998-04-08 00:00:00', 1, '27.1900', 'Chop-suey Chinese', 'Hauptstr. 31', 'Bern', NULL, '3012', 'Suiza', 31),
(10967, 2, '1998-03-23 00:00:00', '1998-04-20 00:00:00', '1998-04-02 00:00:00', 2, '62.2200', 'Toms Spezialitäten', 'Luisenstr. 48', 'Münster', NULL, '44087', 'Alemania', 15),
(10968, 1, '1998-03-23 00:00:00', '1998-04-20 00:00:00', '1998-04-01 00:00:00', 3, '74.6000', 'Ernst Handel', 'Kirchgasse 6', 'Graz', NULL, '8010', 'Austria', 74),
(10969, 1, '1998-03-23 00:00:00', '1998-04-20 00:00:00', '1998-03-30 00:00:00', 2, '0.2100', 'Comércio Mineiro', 'Av. dos Lusíadas, 23', 'São Paulo', 'SP', '05432-043', 'Brasil', 52),
(10970, 9, '1998-03-24 00:00:00', '1998-04-07 00:00:00', '1998-04-24 00:00:00', 1, '16.1600', 'Bólido Comidas preparadas', 'C/ Araquil, 67', 'Madrid', NULL, '28023', 'España', 36),
(10971, 2, '1998-03-24 00:00:00', '1998-04-21 00:00:00', '1998-04-02 00:00:00', 2, '121.8200', 'France restauration', '54, rue Royale', 'Nantes', NULL, '44000', 'Francia', 26),
(10972, 4, '1998-03-24 00:00:00', '1998-04-21 00:00:00', '1998-03-26 00:00:00', 2, '0.0200', 'La corne d\'abondance', '67, avenue de l\'Europe', 'Versailles', NULL, '78000', 'Francia', 21),
(10973, 6, '1998-03-24 00:00:00', '1998-04-21 00:00:00', '1998-03-27 00:00:00', 2, '15.1700', 'La corne d\'abondance', '67, avenue de l\'Europe', 'Versailles', NULL, '78000', 'Francia', 26),
(10974, 3, '1998-03-25 00:00:00', '1998-04-08 00:00:00', '1998-04-03 00:00:00', 3, '12.9600', 'Split Rail Beer & Ale', 'P.O. Box 555', 'Lander', 'WY', '82520', 'Estados Unidos', 68),
(10975, 1, '1998-03-25 00:00:00', '1998-04-22 00:00:00', '1998-03-27 00:00:00', 3, '32.2700', 'Bottom-Dollar Markets', '23 Tsawassen Blvd.', 'Tsawassen', 'BC', 'T2F 8M4', 'Canadá', 80),
(10976, 1, '1998-03-25 00:00:00', '1998-05-06 00:00:00', '1998-04-03 00:00:00', 1, '37.9700', 'HILARIÓN-Abastos', 'Carrera 22 con Ave. Carlos Soublette #8-35', 'San Cristóbal', 'Táchira', '5022', 'Venezuela', 14),
(10977, 8, '1998-03-26 00:00:00', '1998-04-23 00:00:00', '1998-04-10 00:00:00', 3, '208.5000', 'Folk och fä HB', 'Åkergatan 24', 'Bräcke', NULL, 'S-844 67', 'Suecia', 12),
(10978, 9, '1998-03-26 00:00:00', '1998-04-23 00:00:00', '1998-04-23 00:00:00', 2, '32.8200', 'Maison Dewey', 'Rue Joseph-Bens 532', 'Bruxelles', NULL, 'B-1180', 'Bélgica', 17),
(10979, 8, '1998-03-26 00:00:00', '1998-04-23 00:00:00', '1998-03-31 00:00:00', 2, '353.0700', 'Ernst Handel', 'Kirchgasse 6', 'Graz', NULL, '8010', 'Austria', 50),
(10980, 4, '1998-03-27 00:00:00', '1998-05-08 00:00:00', '1998-04-17 00:00:00', 1, '1.2600', 'Folk och fä HB', 'Åkergatan 24', 'Bräcke', NULL, 'S-844 67', 'Suecia', 15),
(10981, 1, '1998-03-27 00:00:00', '1998-04-24 00:00:00', '1998-04-02 00:00:00', 2, '193.3700', 'Hanari Carnes', 'Rua do Paço, 67', 'Río de Janeiro', 'RJ', '05454-876', 'Brasil', 16),
(10982, 2, '1998-03-27 00:00:00', '1998-04-24 00:00:00', '1998-04-08 00:00:00', 1, '14.0100', 'Bottom-Dollar Markets', '23 Tsawassen Blvd.', 'Tsawassen', 'BC', 'T2F 8M4', 'Canadá', 36),
(10983, 2, '1998-03-27 00:00:00', '1998-04-24 00:00:00', '1998-04-06 00:00:00', 2, '657.5400', 'Save-a-lot Markets', '187 Suffolk Ln.', 'Boise', 'ID', '83720', 'Estados Unidos', 41),
(10984, 1, '1998-03-30 00:00:00', '1998-04-27 00:00:00', '1998-04-03 00:00:00', 3, '211.2200', 'Save-a-lot Markets', '187 Suffolk Ln.', 'Boise', 'ID', '83720', 'Estados Unidos', 7),
(10985, 2, '1998-03-30 00:00:00', '1998-04-27 00:00:00', '1998-04-02 00:00:00', 1, '91.5100', 'Hungry Owl All-Night Grocers', '8 Johnstown Road', 'Cork', 'Co. Cork', NULL, 'Irlanda', 3),
(10986, 8, '1998-03-30 00:00:00', '1998-04-27 00:00:00', '1998-04-21 00:00:00', 2, '217.8600', 'Océano Atlántico Ltda.', 'Ing. Gustavo Moncada 8585\r\nPiso 20-A', 'Buenos Aires', NULL, '1010', 'Argentina', 83),
(10987, 8, '1998-03-31 00:00:00', '1998-04-28 00:00:00', '1998-04-06 00:00:00', 1, '185.4800', 'Eastern Connection', '35 King George', 'London', NULL, 'WX3 6FW', 'Reino Unido', 43),
(10988, 3, '1998-03-31 00:00:00', '1998-04-28 00:00:00', '1998-04-10 00:00:00', 2, '61.1400', 'Rattlesnake Canyon Grocery', '2817 Milton Dr.', 'Albuquerque', 'NM', '87110', 'Estados Unidos', 55),
(10989, 2, '1998-03-31 00:00:00', '1998-04-28 00:00:00', '1998-04-02 00:00:00', 1, '34.7600', 'Que Delícia', 'Rua da Panificadora, 12', 'Río de Janeiro', 'RJ', '02389-673', 'Brasil', 58),
(10990, 2, '1998-04-01 00:00:00', '1998-05-13 00:00:00', '1998-04-07 00:00:00', 3, '117.6100', 'Ernst Handel', 'Kirchgasse 6', 'Graz', NULL, '8010', 'Austria', 32),
(10991, 1, '1998-04-01 00:00:00', '1998-04-29 00:00:00', '1998-04-07 00:00:00', 1, '38.5100', 'QUICK-Stop', 'Taucherstraße 10', 'Cunewalde', NULL, '01307', 'Alemania', 77),
(10992, 1, '1998-04-01 00:00:00', '1998-04-29 00:00:00', '1998-04-03 00:00:00', 3, '4.2700', 'The Big Cheese', '89 Jefferson Way\r\nSuite 2', 'Portland', 'OR', '97201', 'Estados Unidos', 17),
(10993, 7, '1998-04-01 00:00:00', '1998-04-29 00:00:00', '1998-04-10 00:00:00', 3, '8.8100', 'Folk och fä HB', 'Åkergatan 24', 'Bräcke', NULL, 'S-844 67', 'Suecia', 34),
(10994, 2, '1998-04-02 00:00:00', '1998-04-16 00:00:00', '1998-04-09 00:00:00', 3, '65.5300', 'Vaffeljernet', 'Smagsløget 45', 'Århus', NULL, '8200', 'Dinamarca', 29),
(10995, 1, '1998-04-02 00:00:00', '1998-04-30 00:00:00', '1998-04-06 00:00:00', 3, '46.0000', 'Pericles Comidas clásicas', 'Calle Dr. Jorge Cash 321', 'México D.F.', NULL, '05033', 'México', 45),
(10996, 4, '1998-04-02 00:00:00', '1998-04-30 00:00:00', '1998-04-10 00:00:00', 2, '1.1200', 'QUICK-Stop', 'Taucherstraße 10', 'Cunewalde', NULL, '01307', 'Alemania', 45),
(10997, 8, '1998-04-03 00:00:00', '1998-05-15 00:00:00', '1998-04-13 00:00:00', 2, '73.9100', 'LILA-Supermercado', 'Carrera 52 con Ave. Bolívar #65-98 Llano Largo', 'Barquisimeto', 'Lara', '3508', 'Venezuela', 90),
(10998, 8, '1998-04-03 00:00:00', '1998-04-17 00:00:00', '1998-04-17 00:00:00', 2, '20.3100', 'Wolski Zajazd', 'ul. Filtrowa 68', 'Warszawa', NULL, '01-012', 'Polonia', 41),
(10999, 6, '1998-04-03 00:00:00', '1998-05-01 00:00:00', '1998-04-10 00:00:00', 2, '96.3500', 'Ottilies Käseladen', 'Mehrheimerstr. 369', 'Köln', NULL, '50739', 'Alemania', 28),
(11000, 2, '1998-04-06 00:00:00', '1998-05-04 00:00:00', '1998-04-14 00:00:00', 3, '55.1200', 'Rattlesnake Canyon Grocery', '2817 Milton Dr.', 'Albuquerque', 'NM', '87110', 'Estados Unidos', 16),
(11001, 2, '1998-04-06 00:00:00', '1998-05-04 00:00:00', '1998-04-14 00:00:00', 2, '197.3000', 'Folk och fä HB', 'Åkergatan 24', 'Bräcke', NULL, 'S-844 67', 'Suecia', 86),
(11002, 4, '1998-04-06 00:00:00', '1998-05-04 00:00:00', '1998-04-16 00:00:00', 1, '141.1600', 'Save-a-lot Markets', '187 Suffolk Ln.', 'Boise', 'ID', '83720', 'Estados Unidos', 21),
(11003, 3, '1998-04-06 00:00:00', '1998-05-04 00:00:00', '1998-04-08 00:00:00', 3, '14.9100', 'The Cracker Box', '55 Grizzly Peak Rd.', 'Butte', 'MT', '59801', 'Estados Unidos', 27),
(11004, 3, '1998-04-07 00:00:00', '1998-05-05 00:00:00', '1998-04-20 00:00:00', 1, '44.8400', 'Maison Dewey', 'Rue Joseph-Bens 532', 'Bruxelles', NULL, 'B-1180', 'Bélgica', 71),
(11005, 2, '1998-04-07 00:00:00', '1998-05-05 00:00:00', '1998-04-10 00:00:00', 1, '0.7500', 'Wilman Kala', 'Keskuskatu 45', 'Helsinki', NULL, '21240', 'Finlandia', 3),
(11006, 3, '1998-04-07 00:00:00', '1998-05-05 00:00:00', '1998-04-15 00:00:00', 2, '25.1900', 'Great Lakes Food Market', '2732 Baker Blvd.', 'Eugene', 'OR', '97403', 'Estados Unidos', 76),
(11007, 8, '1998-04-08 00:00:00', '1998-05-06 00:00:00', '1998-04-13 00:00:00', 2, '202.2400', 'Princesa Isabel Vinhos', 'Estrada da saúde n. 58', 'Lisboa', NULL, '1756', 'Portugal', 5),
(11008, 7, '1998-04-08 00:00:00', '1998-05-06 00:00:00', NULL, 3, '79.4600', 'Ernst Handel', 'Kirchgasse 6', 'Graz', NULL, '8010', 'Austria', 71),
(11009, 2, '1998-04-08 00:00:00', '1998-05-06 00:00:00', '1998-04-10 00:00:00', 1, '59.1100', 'Godos Cocina Típica', 'C/ Romero, 33', 'Sevilla', NULL, '41101', 'España', 67),
(11010, 2, '1998-04-09 00:00:00', '1998-05-07 00:00:00', '1998-04-21 00:00:00', 2, '28.7100', 'Reggiani Caseifici', 'Strada Provinciale 124', 'Reggio Emilia', NULL, '42100', 'Italia', 30),
(11011, 3, '1998-04-09 00:00:00', '1998-05-07 00:00:00', '1998-04-13 00:00:00', 1, '1.2100', 'Alfreds Futterkiste', 'Obere Str. 57', 'Berlín', NULL, '12209', 'Alemania', 40),
(11012, 1, '1998-04-09 00:00:00', '1998-04-23 00:00:00', '1998-04-17 00:00:00', 3, '242.9500', 'Frankenversand', 'Berliner Platz 43', 'München', NULL, '80805', 'Alemania', 20),
(11013, 2, '1998-04-09 00:00:00', '1998-05-07 00:00:00', '1998-04-10 00:00:00', 1, '32.9900', 'Romero y tomillo', 'Gran Vía, 1', 'Madrid', NULL, '28001', 'España', 71),
(11014, 2, '1998-04-10 00:00:00', '1998-05-08 00:00:00', '1998-04-15 00:00:00', 3, '23.6000', 'LINO-Delicateses', 'Ave. 5 de Mayo Porlamar', 'I. de Margarita', 'Nueva Esparta', '4980', 'Venezuela', 23),
(11015, 2, '1998-04-10 00:00:00', '1998-04-24 00:00:00', '1998-04-20 00:00:00', 2, '4.6200', 'Santé Gourmet', 'Erling Skakkes gate 78', 'Stavern', NULL, '4110', 'Noruega', 83),
(11016, 9, '1998-04-10 00:00:00', '1998-05-08 00:00:00', '1998-04-13 00:00:00', 2, '33.8000', 'Around the Horn', 'Brook Farm\r\nStratford St. Mary', 'Colchester', 'Essex', 'CO7 6JX', 'Reino Unido', 74),
(11017, 9, '1998-04-13 00:00:00', '1998-05-11 00:00:00', '1998-04-20 00:00:00', 2, '754.2600', 'Ernst Handel', 'Kirchgasse 6', 'Graz', NULL, '8010', 'Austria', 31),
(11018, 4, '1998-04-13 00:00:00', '1998-05-11 00:00:00', '1998-04-16 00:00:00', 2, '11.6500', 'Lonesome Pine Restaurant', '89 Chiaroscuro Rd.', 'Portland', 'OR', '97219', 'Estados Unidos', 23),
(11019, 6, '1998-04-13 00:00:00', '1998-05-11 00:00:00', NULL, 3, '3.1700', 'Rancho grande', 'Av. del Libertador 900', 'Buenos Aires', NULL, '1010', 'Argentina', 23),
(11020, 2, '1998-04-14 00:00:00', '1998-05-12 00:00:00', '1998-04-16 00:00:00', 2, '43.3000', 'Ottilies Käseladen', 'Mehrheimerstr. 369', 'Köln', NULL, '50739', 'Alemania', 47),
(11021, 3, '1998-04-14 00:00:00', '1998-05-12 00:00:00', '1998-04-21 00:00:00', 1, '297.1800', 'QUICK-Stop', 'Taucherstraße 10', 'Cunewalde', NULL, '01307', 'Alemania', 75),
(11022, 9, '1998-04-14 00:00:00', '1998-05-12 00:00:00', '1998-05-04 00:00:00', 2, '6.2700', 'Hanari Carnes', 'Rua do Paço, 67', 'Río de Janeiro', 'RJ', '05454-876', 'Brasil', 50),
(11023, 1, '1998-04-14 00:00:00', '1998-04-28 00:00:00', '1998-04-24 00:00:00', 2, '123.8300', 'B\'s Beverages', 'Fauntleroy Circus', 'London', NULL, 'EC2 5NT', 'Reino Unido', 27),
(11024, 4, '1998-04-15 00:00:00', '1998-05-13 00:00:00', '1998-04-20 00:00:00', 1, '74.3600', 'Eastern Connection', '35 King George', 'London', NULL, 'WX3 6FW', 'Reino Unido', 75),
(11025, 6, '1998-04-15 00:00:00', '1998-05-13 00:00:00', '1998-04-24 00:00:00', 3, '29.1700', 'Wartian Herkku', 'Torikatu 38', 'Oulu', NULL, '90110', 'Finlandia', 19),
(11026, 4, '1998-04-15 00:00:00', '1998-05-13 00:00:00', '1998-04-28 00:00:00', 1, '47.0900', 'Franchi S.p.A.', 'Via Monte Bianco 34', 'Torino', NULL, '10100', 'Italia', 55),
(11027, 1, '1998-04-16 00:00:00', '1998-05-14 00:00:00', '1998-04-20 00:00:00', 1, '52.5200', 'Bottom-Dollar Markets', '23 Tsawassen Blvd.', 'Tsawassen', 'BC', 'T2F 8M4', 'Canadá', 36),
(11028, 2, '1998-04-16 00:00:00', '1998-05-14 00:00:00', '1998-04-22 00:00:00', 1, '29.5900', 'Königlich Essen', 'Maubelstr. 90', 'Brandenburg', NULL, '14776', 'Alemania', 16),
(11029, 4, '1998-04-16 00:00:00', '1998-05-14 00:00:00', '1998-04-27 00:00:00', 1, '47.8400', 'Chop-suey Chinese', 'Hauptstr. 31', 'Bern', NULL, '3012', 'Suiza', 63),
(11030, 7, '1998-04-17 00:00:00', '1998-05-15 00:00:00', '1998-04-27 00:00:00', 2, '830.7500', 'Save-a-lot Markets', '187 Suffolk Ln.', 'Boise', 'ID', '83720', 'Estados Unidos', 86),
(11031, 6, '1998-04-17 00:00:00', '1998-05-15 00:00:00', '1998-04-24 00:00:00', 2, '227.2200', 'Save-a-lot Markets', '187 Suffolk Ln.', 'Boise', 'ID', '83720', 'Estados Unidos', 58),
(11032, 2, '1998-04-17 00:00:00', '1998-05-15 00:00:00', '1998-04-23 00:00:00', 3, '606.1900', 'White Clover Markets', '1029 - 12th Ave. S.', 'Seattle', 'WA', '98124', 'Estados Unidos', 31),
(11033, 7, '1998-04-17 00:00:00', '1998-05-15 00:00:00', '1998-04-23 00:00:00', 3, '84.7400', 'Richter Supermarkt', 'Starenweg 5', 'Genève', NULL, '1204', 'Suiza', 74),
(11034, 8, '1998-04-20 00:00:00', '1998-06-01 00:00:00', '1998-04-27 00:00:00', 1, '40.3200', 'Old World Delicatessen', '2743 Bering St.', 'Anchorage', 'AK', '99508', 'Estados Unidos', 2),
(11035, 2, '1998-04-20 00:00:00', '1998-05-18 00:00:00', '1998-04-24 00:00:00', 2, '0.1700', 'Suprêmes délices', 'Boulevard Tirou, 255', 'Charleroi', NULL, 'B-6000', 'Bélgica', 61),
(11036, 8, '1998-04-20 00:00:00', '1998-05-18 00:00:00', '1998-04-22 00:00:00', 3, '149.4700', 'Drachenblut Delikatessen', 'Walserweg 21', 'Aachen', NULL, '52066', 'Alemania', 25),
(11037, 7, '1998-04-21 00:00:00', '1998-05-19 00:00:00', '1998-04-27 00:00:00', 1, '3.2000', 'Godos Cocina Típica', 'C/ Romero, 33', 'Sevilla', NULL, '41101', 'España', 35),
(11038, 1, '1998-04-21 00:00:00', '1998-05-19 00:00:00', '1998-04-30 00:00:00', 2, '29.5900', 'Suprêmes délices', 'Boulevard Tirou, 255', 'Charleroi', NULL, 'B-6000', 'Bélgica', 7),
(11039, 1, '1998-04-21 00:00:00', '1998-05-19 00:00:00', NULL, 2, '65.0000', 'LINO-Delicateses', 'Ave. 5 de Mayo Porlamar', 'I. de Margarita', 'Nueva Esparta', '4980', 'Venezuela', 24),
(11040, 4, '1998-04-22 00:00:00', '1998-05-20 00:00:00', NULL, 3, '18.8400', 'Great Lakes Food Market', '2732 Baker Blvd.', 'Eugene', 'OR', '97403', 'Estados Unidos', 6),
(11041, 3, '1998-04-22 00:00:00', '1998-05-20 00:00:00', '1998-04-28 00:00:00', 2, '48.2200', 'Chop-suey Chinese', 'Hauptstr. 31', 'Bern', NULL, '3012', 'Suiza', 47),
(11042, 2, '1998-04-22 00:00:00', '1998-05-06 00:00:00', '1998-05-01 00:00:00', 1, '29.9900', 'Comércio Mineiro', 'Av. dos Lusíadas, 23', 'São Paulo', 'SP', '05432-043', 'Brasil', 38),
(11043, 5, '1998-04-22 00:00:00', '1998-05-20 00:00:00', '1998-04-29 00:00:00', 2, '8.8000', 'Spécialités du monde', '25, rue Lauriston', 'Paris', NULL, '75016', 'Francia', 49),
(11044, 4, '1998-04-23 00:00:00', '1998-05-21 00:00:00', '1998-05-01 00:00:00', 1, '8.7200', 'Wolski Zajazd', 'ul. Filtrowa 68', 'Warszawa', NULL, '01-012', 'Polonia', 41),
(11045, 6, '1998-04-23 00:00:00', '1998-05-21 00:00:00', NULL, 2, '70.5800', 'Bottom-Dollar Markets', '23 Tsawassen Blvd.', 'Tsawassen', 'BC', 'T2F 8M4', 'Canadá', 55),
(11046, 8, '1998-04-23 00:00:00', '1998-05-21 00:00:00', '1998-04-24 00:00:00', 2, '71.6400', 'Die Wandernde Kuh', 'Adenauerallee 900', 'Stuttgart', NULL, '70563', 'Alemania', 62),
(11047, 7, '1998-04-24 00:00:00', '1998-05-22 00:00:00', '1998-05-01 00:00:00', 3, '46.6200', 'Eastern Connection', '35 King George', 'London', NULL, 'WX3 6FW', 'Reino Unido', 54),
(11048, 7, '1998-04-24 00:00:00', '1998-05-22 00:00:00', '1998-04-30 00:00:00', 3, '24.1200', 'Bottom-Dollar Markets', '23 Tsawassen Blvd.', 'Tsawassen', 'BC', 'T2F 8M4', 'Canadá', 84),
(11049, 3, '1998-04-24 00:00:00', '1998-05-22 00:00:00', '1998-05-04 00:00:00', 1, '8.3400', 'Gourmet Lanchonetes', 'Av. Brasil, 442', 'Campinas', 'SP', '04876-786', 'Brasil', 75),
(11050, 8, '1998-04-27 00:00:00', '1998-05-25 00:00:00', '1998-05-05 00:00:00', 2, '59.4100', 'Folk och fä HB', 'Åkergatan 24', 'Bräcke', NULL, 'S-844 67', 'Suecia', 32),
(11051, 7, '1998-04-27 00:00:00', '1998-05-25 00:00:00', NULL, 3, '2.7900', 'La maison d\'Asie', '1 rue Alsace-Lorraine', 'Toulouse', NULL, '31000', 'Francia', 29),
(11052, 3, '1998-04-27 00:00:00', '1998-05-25 00:00:00', '1998-05-01 00:00:00', 1, '67.2600', 'Hanari Carnes', 'Rua do Paço, 67', 'Río de Janeiro', 'RJ', '05454-876', 'Brasil', 46),
(11053, 2, '1998-04-27 00:00:00', '1998-05-25 00:00:00', '1998-04-29 00:00:00', 2, '53.0500', 'Piccolo und mehr', 'Geislweg 14', 'Salzburg', NULL, '5020', 'Austria', 51),
(11054, 8, '1998-04-28 00:00:00', '1998-05-26 00:00:00', NULL, 1, '0.3300', 'Cactus Comidas para llevar', 'Cerrito 333', 'Buenos Aires', NULL, '1010', 'Argentina', 27),
(11055, 7, '1998-04-28 00:00:00', '1998-05-26 00:00:00', '1998-05-05 00:00:00', 2, '120.9200', 'HILARIÓN-Abastos', 'Carrera 22 con Ave. Carlos Soublette #8-35', 'San Cristóbal', 'Táchira', '5022', 'Venezuela', 74),
(11056, 8, '1998-04-28 00:00:00', '1998-05-12 00:00:00', '1998-05-01 00:00:00', 2, '278.9600', 'Eastern Connection', '35 King George', 'London', NULL, 'WX3 6FW', 'Reino Unido', 17),
(11057, 3, '1998-04-29 00:00:00', '1998-05-27 00:00:00', '1998-05-01 00:00:00', 3, '4.1300', 'North/South', 'South House\r\n300 Queensbridge', 'London', NULL, 'SW7 1RZ', 'Reino Unido', 43),
(11058, 9, '1998-04-29 00:00:00', '1998-05-27 00:00:00', NULL, 3, '31.1400', 'Blauer See Delikatessen', 'Forsterstr. 57', 'Mannheim', NULL, '68306', 'Alemania', 73),
(11059, 2, '1998-04-29 00:00:00', '1998-06-10 00:00:00', NULL, 2, '85.8000', 'Ricardo Adocicados', 'Av. Copacabana, 267', 'Río de Janeiro', 'RJ', '02389-890', 'Brasil', 53),
(11060, 2, '1998-04-30 00:00:00', '1998-05-28 00:00:00', '1998-05-04 00:00:00', 2, '10.9800', 'Franchi S.p.A.', 'Via Monte Bianco 34', 'Torino', NULL, '10100', 'Italia', 46),
(11061, 4, '1998-04-30 00:00:00', '1998-06-11 00:00:00', NULL, 3, '14.0100', 'Great Lakes Food Market', '2732 Baker Blvd.', 'Eugene', 'OR', '97403', 'Estados Unidos', 72),
(11062, 4, '1998-04-30 00:00:00', '1998-05-28 00:00:00', NULL, 2, '29.9300', 'Reggiani Caseifici', 'Strada Provinciale 124', 'Reggio Emilia', NULL, '42100', 'Italia', 38),
(11063, 3, '1998-04-30 00:00:00', '1998-05-28 00:00:00', '1998-05-06 00:00:00', 2, '81.7300', 'Hungry Owl All-Night Grocers', '8 Johnstown Road', 'Cork', 'Co. Cork', NULL, 'Irlanda', 67),
(11064, 1, '1998-05-01 00:00:00', '1998-05-29 00:00:00', '1998-05-04 00:00:00', 1, '30.0900', 'Save-a-lot Markets', '187 Suffolk Ln.', 'Boise', 'ID', '83720', 'Estados Unidos', 38),
(11065, 8, '1998-05-01 00:00:00', '1998-05-29 00:00:00', NULL, 1, '12.9100', 'LILA-Supermercado', 'Carrera 52 con Ave. Bolívar #65-98 Llano Largo', 'Barquisimeto', 'Lara', '3508', 'Venezuela', 80),
(11066, 7, '1998-05-01 00:00:00', '1998-05-29 00:00:00', '1998-05-04 00:00:00', 2, '44.7200', 'White Clover Markets', '1029 - 12th Ave. S.', 'Seattle', 'WA', '98124', 'Estados Unidos', 15),
(11067, 1, '1998-05-04 00:00:00', '1998-05-18 00:00:00', '1998-05-06 00:00:00', 2, '7.9800', 'Drachenblut Delikatessen', 'Walserweg 21', 'Aachen', NULL, '52066', 'Alemania', 16),
(11068, 8, '1998-05-04 00:00:00', '1998-06-01 00:00:00', NULL, 2, '81.7500', 'Queen Cozinha', 'Alameda dos Canàrios, 891', 'São Paulo', 'SP', '05487-020', 'Brasil', 36);
INSERT INTO `pedidos` (`idpedido`, `idempleado`, `fechapedido`, `fechaentrega`, `fechaenvio`, `idempresaenvio`, `cargo`, `destinatario`, `direcciondestinatario`, `ciudaddestinatario`, `regiondestinatario`, `codigopostaldestinatario`, `paisdestinatario`, `idcliente`) VALUES
(11069, 1, '1998-05-04 00:00:00', '1998-06-01 00:00:00', '1998-05-06 00:00:00', 2, '15.6700', 'Tortuga Restaurante', 'Avda. Azteca 123', 'México D.F.', NULL, '05033', 'México', 40),
(11070, 2, '1998-05-05 00:00:00', '1998-06-02 00:00:00', NULL, 1, '136.0000', 'Lehmanns Marktstand', 'Magazinweg 7', 'Frankfurt a.M. ', NULL, '60528', 'Alemania', 3),
(11071, 1, '1998-05-05 00:00:00', '1998-06-02 00:00:00', NULL, 1, '0.9300', 'LILA-Supermercado', 'Carrera 52 con Ave. Bolívar #65-98 Llano Largo', 'Barquisimeto', 'Lara', '3508', 'Venezuela', 76),
(11072, 4, '1998-05-05 00:00:00', '1998-06-02 00:00:00', NULL, 2, '258.6400', 'Ernst Handel', 'Kirchgasse 6', 'Graz', NULL, '8010', 'Austria', 6),
(11073, 2, '1998-05-05 00:00:00', '1998-06-02 00:00:00', NULL, 2, '24.9500', 'Pericles Comidas clásicas', 'Calle Dr. Jorge Cash 321', 'México D.F.', NULL, '05033', 'México', 76),
(11074, 7, '1998-05-06 00:00:00', '1998-06-03 00:00:00', NULL, 2, '18.4400', 'Simons bistro', 'Vinbæltet 34', 'København', NULL, '1734', 'Dinamarca', 88),
(11075, 8, '1998-05-06 00:00:00', '1998-06-03 00:00:00', NULL, 2, '6.1900', 'Richter Supermarkt', 'Starenweg 5', 'Genève', NULL, '1204', 'Suiza', 31),
(11076, 4, '1998-05-06 00:00:00', '1998-06-03 00:00:00', NULL, 2, '38.2800', 'Bon app\'', '12, rue des Bouchers', 'Marseille', NULL, '13008', 'Francia', 72),
(11077, 1, '1998-05-06 00:00:00', '1998-06-03 00:00:00', NULL, 2, '8.5300', 'Rattlesnake Canyon Grocery', '2817 Milton Dr.', 'Albuquerque', 'NM', '87110', 'Estados Unidos', 87);

-- --------------------------------------------------------

--
-- Estructura de tabla para la tabla `pedidosdetalles`
--

CREATE TABLE `pedidosdetalles` (
  `idpedido` int(11) NOT NULL DEFAULT 0,
  `idproducto` int(11) NOT NULL,
  `precio` decimal(19,4) NOT NULL,
  `cantidad` smallint(6) NOT NULL
) ENGINE=MyISAM DEFAULT CHARSET=utf8;

--
-- Volcado de datos para la tabla `pedidosdetalles`
--

INSERT INTO `pedidosdetalles` (`idpedido`, `idproducto`, `precio`, `cantidad`) VALUES
(10248, 11, '14.0000', 12),
(10248, 42, '9.8000', 10),
(10248, 72, '34.8000', 5),
(10249, 14, '18.6000', 9),
(10249, 51, '42.4000', 40),
(10250, 41, '7.7000', 10),
(10250, 51, '42.4000', 35),
(10250, 65, '16.8000', 15),
(10251, 22, '16.8000', 6),
(10251, 57, '15.6000', 15),
(10251, 65, '16.8000', 20),
(10252, 20, '64.8000', 40),
(10252, 33, '2.0000', 25),
(10252, 60, '27.2000', 40),
(10253, 31, '10.0000', 20),
(10253, 39, '14.4000', 42),
(10253, 49, '16.0000', 40),
(10254, 24, '3.6000', 15),
(10254, 55, '19.2000', 21),
(10254, 74, '8.0000', 21),
(10255, 2, '15.2000', 20),
(10255, 16, '13.9000', 35),
(10255, 36, '15.2000', 25),
(10255, 59, '44.0000', 30),
(10256, 53, '26.2000', 15),
(10256, 77, '10.4000', 12),
(10257, 27, '35.1000', 25),
(10257, 39, '14.4000', 6),
(10257, 77, '10.4000', 15),
(10258, 2, '15.2000', 50),
(10258, 5, '17.0000', 65),
(10258, 32, '25.6000', 6),
(10259, 21, '8.0000', 10),
(10259, 37, '20.8000', 1),
(10260, 41, '7.7000', 16),
(10260, 57, '15.6000', 50),
(10260, 62, '39.4000', 15),
(10260, 70, '12.0000', 21),
(10261, 21, '8.0000', 20),
(10261, 35, '14.4000', 20),
(10262, 5, '17.0000', 12),
(10262, 7, '24.0000', 15),
(10262, 56, '30.4000', 2),
(10263, 16, '13.9000', 60),
(10263, 24, '3.6000', 28),
(10263, 30, '20.7000', 60),
(10263, 74, '8.0000', 36),
(10264, 2, '15.2000', 35),
(10264, 41, '7.7000', 25),
(10265, 17, '31.2000', 30),
(10265, 70, '12.0000', 20),
(10266, 12, '30.4000', 12),
(10267, 40, '14.7000', 50),
(10267, 59, '44.0000', 70),
(10267, 76, '14.4000', 15),
(10268, 29, '99.0000', 10),
(10268, 72, '27.8000', 4),
(10269, 33, '2.0000', 60),
(10269, 72, '27.8000', 20),
(10270, 36, '15.2000', 30),
(10270, 43, '36.8000', 25),
(10271, 33, '2.0000', 24),
(10272, 20, '64.8000', 6),
(10272, 31, '10.0000', 40),
(10272, 72, '27.8000', 24),
(10273, 10, '24.8000', 24),
(10273, 31, '10.0000', 15),
(10273, 33, '2.0000', 20),
(10273, 40, '14.7000', 60),
(10273, 76, '14.4000', 33),
(10274, 71, '17.2000', 20),
(10274, 72, '27.8000', 7),
(10275, 24, '3.6000', 12),
(10275, 59, '44.0000', 6),
(10276, 10, '24.8000', 15),
(10276, 13, '4.8000', 10),
(10277, 28, '36.4000', 20),
(10277, 62, '39.4000', 12),
(10278, 44, '15.5000', 16),
(10278, 59, '44.0000', 15),
(10278, 63, '35.1000', 8),
(10278, 73, '12.0000', 25),
(10279, 17, '31.2000', 15),
(10280, 24, '3.6000', 12),
(10280, 55, '19.2000', 20),
(10280, 75, '6.2000', 30),
(10281, 19, '7.3000', 1),
(10281, 24, '3.6000', 6),
(10281, 35, '14.4000', 4),
(10282, 30, '20.7000', 6),
(10282, 57, '15.6000', 2),
(10283, 15, '12.4000', 20),
(10283, 19, '7.3000', 18),
(10283, 60, '27.2000', 35),
(10283, 72, '27.8000', 3),
(10284, 27, '35.1000', 15),
(10284, 44, '15.5000', 21),
(10284, 60, '27.2000', 20),
(10284, 67, '11.2000', 5),
(10285, 1, '14.4000', 45),
(10285, 40, '14.7000', 40),
(10285, 53, '26.2000', 36),
(10286, 35, '14.4000', 100),
(10286, 62, '39.4000', 40),
(10287, 16, '13.9000', 40),
(10287, 34, '11.2000', 20),
(10287, 46, '9.6000', 15),
(10288, 54, '5.9000', 10),
(10288, 68, '10.0000', 3),
(10289, 3, '8.0000', 30),
(10289, 64, '26.6000', 9),
(10290, 5, '17.0000', 20),
(10290, 29, '99.0000', 15),
(10290, 49, '16.0000', 15),
(10290, 77, '10.4000', 10),
(10291, 13, '4.8000', 20),
(10291, 44, '15.5000', 24),
(10291, 51, '42.4000', 2),
(10292, 20, '64.8000', 20),
(10293, 18, '50.0000', 12),
(10293, 24, '3.6000', 10),
(10293, 63, '35.1000', 5),
(10293, 75, '6.2000', 6),
(10294, 1, '14.4000', 18),
(10294, 17, '31.2000', 15),
(10294, 43, '36.8000', 15),
(10294, 60, '27.2000', 21),
(10294, 75, '6.2000', 6),
(10295, 56, '30.4000', 4),
(10296, 11, '16.8000', 12),
(10296, 16, '13.9000', 30),
(10296, 69, '28.8000', 15),
(10297, 39, '14.4000', 60),
(10297, 72, '27.8000', 20),
(10298, 2, '15.2000', 40),
(10298, 36, '15.2000', 40),
(10298, 59, '44.0000', 30),
(10298, 62, '39.4000', 15),
(10299, 19, '7.3000', 15),
(10299, 70, '12.0000', 20),
(10300, 66, '13.6000', 30),
(10300, 68, '10.0000', 20),
(10301, 40, '14.7000', 10),
(10301, 56, '30.4000', 20),
(10302, 17, '31.2000', 40),
(10302, 28, '36.4000', 28),
(10302, 43, '36.8000', 12),
(10303, 40, '14.7000', 40),
(10303, 65, '16.8000', 30),
(10303, 68, '10.0000', 15),
(10304, 49, '16.0000', 30),
(10304, 59, '44.0000', 10),
(10304, 71, '17.2000', 2),
(10305, 18, '50.0000', 25),
(10305, 29, '99.0000', 25),
(10305, 39, '14.4000', 30),
(10306, 30, '20.7000', 10),
(10306, 53, '26.2000', 10),
(10306, 54, '5.9000', 5),
(10307, 62, '39.4000', 10),
(10307, 68, '10.0000', 3),
(10308, 69, '28.8000', 1),
(10308, 70, '12.0000', 5),
(10309, 4, '17.6000', 20),
(10309, 6, '20.0000', 30),
(10309, 42, '11.2000', 2),
(10309, 43, '36.8000', 20),
(10309, 71, '17.2000', 3),
(10310, 16, '13.9000', 10),
(10310, 62, '39.4000', 5),
(10311, 42, '11.2000', 6),
(10311, 69, '28.8000', 7),
(10312, 28, '36.4000', 4),
(10312, 43, '36.8000', 24),
(10312, 53, '26.2000', 20),
(10312, 75, '6.2000', 10),
(10313, 36, '15.2000', 12),
(10314, 32, '25.6000', 40),
(10314, 58, '10.6000', 30),
(10314, 62, '39.4000', 25),
(10315, 34, '11.2000', 14),
(10315, 70, '12.0000', 30),
(10316, 41, '7.7000', 10),
(10316, 62, '39.4000', 70),
(10317, 1, '14.4000', 20),
(10318, 41, '7.7000', 20),
(10318, 76, '14.4000', 6),
(10319, 17, '31.2000', 8),
(10319, 28, '36.4000', 14),
(10319, 76, '14.4000', 30),
(10320, 71, '17.2000', 30),
(10321, 35, '14.4000', 10),
(10322, 52, '5.6000', 20),
(10323, 15, '12.4000', 5),
(10323, 25, '11.2000', 4),
(10323, 39, '14.4000', 4),
(10324, 16, '13.9000', 21),
(10324, 35, '14.4000', 70),
(10324, 46, '9.6000', 30),
(10324, 59, '44.0000', 40),
(10324, 63, '35.1000', 80),
(10325, 6, '20.0000', 6),
(10325, 13, '4.8000', 12),
(10325, 14, '18.6000', 9),
(10325, 31, '10.0000', 4),
(10325, 72, '27.8000', 40),
(10326, 4, '17.6000', 24),
(10326, 57, '15.6000', 16),
(10326, 75, '6.2000', 50),
(10327, 2, '15.2000', 25),
(10327, 11, '16.8000', 50),
(10327, 30, '20.7000', 35),
(10327, 58, '10.6000', 30),
(10328, 59, '44.0000', 9),
(10328, 65, '16.8000', 40),
(10328, 68, '10.0000', 10),
(10329, 19, '7.3000', 10),
(10329, 30, '20.7000', 8),
(10329, 38, '210.8000', 20),
(10329, 56, '30.4000', 12),
(10330, 26, '24.9000', 50),
(10330, 72, '27.8000', 25),
(10331, 54, '5.9000', 15),
(10332, 18, '50.0000', 40),
(10332, 42, '11.2000', 10),
(10332, 47, '7.6000', 16),
(10333, 14, '18.6000', 10),
(10333, 21, '8.0000', 10),
(10333, 71, '17.2000', 40),
(10334, 52, '5.6000', 8),
(10334, 68, '10.0000', 10),
(10335, 2, '15.2000', 7),
(10335, 31, '10.0000', 25),
(10335, 32, '25.6000', 6),
(10335, 51, '42.4000', 48),
(10336, 4, '17.6000', 18),
(10337, 23, '7.2000', 40),
(10337, 26, '24.9000', 24),
(10337, 36, '15.2000', 20),
(10337, 37, '20.8000', 28),
(10337, 72, '27.8000', 25),
(10338, 17, '31.2000', 20),
(10338, 30, '20.7000', 15),
(10339, 4, '17.6000', 10),
(10339, 17, '31.2000', 70),
(10339, 62, '39.4000', 28),
(10340, 18, '50.0000', 20),
(10340, 41, '7.7000', 12),
(10340, 43, '36.8000', 40),
(10341, 33, '2.0000', 8),
(10341, 59, '44.0000', 9),
(10342, 2, '15.2000', 24),
(10342, 31, '10.0000', 56),
(10342, 36, '15.2000', 40),
(10342, 55, '19.2000', 40),
(10343, 64, '26.6000', 50),
(10343, 68, '10.0000', 4),
(10343, 76, '14.4000', 15),
(10344, 4, '17.6000', 35),
(10344, 8, '32.0000', 70),
(10345, 8, '32.0000', 70),
(10345, 19, '7.3000', 80),
(10345, 42, '11.2000', 9),
(10346, 17, '31.2000', 36),
(10346, 56, '30.4000', 20),
(10347, 25, '11.2000', 10),
(10347, 39, '14.4000', 50),
(10347, 40, '14.7000', 4),
(10347, 75, '6.2000', 6),
(10348, 1, '14.4000', 15),
(10348, 23, '7.2000', 25),
(10349, 54, '5.9000', 24),
(10350, 50, '13.0000', 15),
(10350, 69, '28.8000', 18),
(10351, 38, '210.8000', 20),
(10351, 41, '7.7000', 13),
(10351, 44, '15.5000', 77),
(10351, 65, '16.8000', 10),
(10352, 24, '3.6000', 10),
(10352, 54, '5.9000', 20),
(10353, 11, '16.8000', 12),
(10353, 38, '210.8000', 50),
(10354, 1, '14.4000', 12),
(10354, 29, '99.0000', 4),
(10355, 24, '3.6000', 25),
(10355, 57, '15.6000', 25),
(10356, 31, '10.0000', 30),
(10356, 55, '19.2000', 12),
(10356, 69, '28.8000', 20),
(10357, 10, '24.8000', 30),
(10357, 26, '24.9000', 16),
(10357, 60, '27.2000', 8),
(10358, 24, '3.6000', 10),
(10358, 34, '11.2000', 10),
(10358, 36, '15.2000', 20),
(10359, 16, '13.9000', 56),
(10359, 31, '10.0000', 70),
(10359, 60, '27.2000', 80),
(10360, 28, '36.4000', 30),
(10360, 29, '99.0000', 35),
(10360, 38, '210.8000', 10),
(10360, 49, '16.0000', 35),
(10360, 54, '5.9000', 28),
(10361, 39, '14.4000', 54),
(10361, 60, '27.2000', 55),
(10362, 25, '11.2000', 50),
(10362, 51, '42.4000', 20),
(10362, 54, '5.9000', 24),
(10363, 31, '10.0000', 20),
(10363, 75, '6.2000', 12),
(10363, 76, '14.4000', 12),
(10364, 69, '28.8000', 30),
(10364, 71, '17.2000', 5),
(10365, 11, '16.8000', 24),
(10366, 65, '16.8000', 5),
(10366, 77, '10.4000', 5),
(10367, 34, '11.2000', 36),
(10367, 54, '5.9000', 18),
(10367, 65, '16.8000', 15),
(10367, 77, '10.4000', 7),
(10368, 21, '8.0000', 5),
(10368, 28, '36.4000', 13),
(10368, 57, '15.6000', 25),
(10368, 64, '26.6000', 35),
(10369, 29, '99.0000', 20),
(10369, 56, '30.4000', 18),
(10370, 1, '14.4000', 15),
(10370, 64, '26.6000', 30),
(10370, 74, '8.0000', 20),
(10371, 36, '15.2000', 6),
(10372, 20, '64.8000', 12),
(10372, 38, '210.8000', 40),
(10372, 60, '27.2000', 70),
(10372, 72, '27.8000', 42),
(10373, 58, '10.6000', 80),
(10373, 71, '17.2000', 50),
(10374, 31, '10.0000', 30),
(10374, 58, '10.6000', 15),
(10375, 14, '18.6000', 15),
(10375, 54, '5.9000', 10),
(10376, 31, '10.0000', 42),
(10377, 28, '36.4000', 20),
(10377, 39, '14.4000', 20),
(10378, 71, '17.2000', 6),
(10379, 41, '7.7000', 8),
(10379, 63, '35.1000', 16),
(10379, 65, '16.8000', 20),
(10380, 30, '20.7000', 18),
(10380, 53, '26.2000', 20),
(10380, 60, '27.2000', 6),
(10380, 70, '12.0000', 30),
(10381, 74, '8.0000', 14),
(10382, 5, '17.0000', 32),
(10382, 18, '50.0000', 9),
(10382, 29, '99.0000', 14),
(10382, 33, '2.0000', 60),
(10382, 74, '8.0000', 50),
(10383, 13, '4.8000', 20),
(10383, 50, '13.0000', 15),
(10383, 56, '30.4000', 20),
(10384, 20, '64.8000', 28),
(10384, 60, '27.2000', 15),
(10385, 7, '24.0000', 10),
(10385, 60, '27.2000', 20),
(10385, 68, '10.0000', 8),
(10386, 24, '3.6000', 15),
(10386, 34, '11.2000', 10),
(10387, 24, '3.6000', 15),
(10387, 28, '36.4000', 6),
(10387, 59, '44.0000', 12),
(10387, 71, '17.2000', 15),
(10388, 45, '7.6000', 15),
(10388, 52, '5.6000', 20),
(10388, 53, '26.2000', 40),
(10389, 10, '24.8000', 16),
(10389, 55, '19.2000', 15),
(10389, 62, '39.4000', 20),
(10389, 70, '12.0000', 30),
(10390, 31, '10.0000', 60),
(10390, 35, '14.4000', 40),
(10390, 46, '9.6000', 45),
(10390, 72, '27.8000', 24),
(10391, 13, '4.8000', 18),
(10392, 69, '28.8000', 50),
(10393, 2, '15.2000', 25),
(10393, 14, '18.6000', 42),
(10393, 25, '11.2000', 7),
(10393, 26, '24.9000', 70),
(10393, 31, '10.0000', 32),
(10394, 13, '4.8000', 10),
(10394, 62, '39.4000', 10),
(10395, 46, '9.6000', 28),
(10395, 53, '26.2000', 70),
(10395, 69, '28.8000', 8),
(10396, 23, '7.2000', 40),
(10396, 71, '17.2000', 60),
(10396, 72, '27.8000', 21),
(10397, 21, '8.0000', 10),
(10397, 51, '42.4000', 18),
(10398, 35, '14.4000', 30),
(10398, 55, '19.2000', 120),
(10399, 68, '10.0000', 60),
(10399, 71, '17.2000', 30),
(10399, 76, '14.4000', 35),
(10399, 77, '10.4000', 14),
(10400, 29, '99.0000', 21),
(10400, 35, '14.4000', 35),
(10400, 49, '16.0000', 30),
(10401, 30, '20.7000', 18),
(10401, 56, '30.4000', 70),
(10401, 65, '16.8000', 20),
(10401, 71, '17.2000', 60),
(10402, 23, '7.2000', 60),
(10402, 63, '35.1000', 65),
(10403, 16, '13.9000', 21),
(10403, 48, '10.2000', 70),
(10404, 26, '24.9000', 30),
(10404, 42, '11.2000', 40),
(10404, 49, '16.0000', 30),
(10405, 3, '8.0000', 50),
(10406, 1, '14.4000', 10),
(10406, 21, '8.0000', 30),
(10406, 28, '36.4000', 42),
(10406, 36, '15.2000', 5),
(10406, 40, '14.7000', 2),
(10407, 11, '16.8000', 30),
(10407, 69, '28.8000', 15),
(10407, 71, '17.2000', 15),
(10408, 37, '20.8000', 10),
(10408, 54, '5.9000', 6),
(10408, 62, '39.4000', 35),
(10409, 14, '18.6000', 12),
(10409, 21, '8.0000', 12),
(10410, 33, '2.0000', 49),
(10410, 59, '44.0000', 16),
(10411, 41, '7.7000', 25),
(10411, 44, '15.5000', 40),
(10411, 59, '44.0000', 9),
(10412, 14, '18.6000', 20),
(10413, 1, '14.4000', 24),
(10413, 62, '39.4000', 40),
(10413, 76, '14.4000', 14),
(10414, 19, '7.3000', 18),
(10414, 33, '2.0000', 50),
(10415, 17, '31.2000', 2),
(10415, 33, '2.0000', 20),
(10416, 19, '7.3000', 20),
(10416, 53, '26.2000', 10),
(10416, 57, '15.6000', 20),
(10417, 38, '210.8000', 50),
(10417, 46, '9.6000', 2),
(10417, 68, '10.0000', 36),
(10417, 77, '10.4000', 35),
(10418, 2, '15.2000', 60),
(10418, 47, '7.6000', 55),
(10418, 61, '22.8000', 16),
(10418, 74, '8.0000', 15),
(10419, 60, '27.2000', 60),
(10419, 69, '28.8000', 20),
(10420, 9, '77.6000', 20),
(10420, 13, '4.8000', 2),
(10420, 70, '12.0000', 8),
(10420, 73, '12.0000', 20),
(10421, 19, '7.3000', 4),
(10421, 26, '24.9000', 30),
(10421, 53, '26.2000', 15),
(10421, 77, '10.4000', 10),
(10422, 26, '24.9000', 2),
(10423, 31, '10.0000', 14),
(10423, 59, '44.0000', 20),
(10424, 35, '14.4000', 60),
(10424, 38, '210.8000', 49),
(10424, 68, '10.0000', 30),
(10425, 55, '19.2000', 10),
(10425, 76, '14.4000', 20),
(10426, 56, '30.4000', 5),
(10426, 64, '26.6000', 7),
(10427, 14, '18.6000', 35),
(10428, 46, '9.6000', 20),
(10429, 50, '13.0000', 40),
(10429, 63, '35.1000', 35),
(10430, 17, '31.2000', 45),
(10430, 21, '8.0000', 50),
(10430, 56, '30.4000', 30),
(10430, 59, '44.0000', 70),
(10431, 17, '31.2000', 50),
(10431, 40, '14.7000', 50),
(10431, 47, '7.6000', 30),
(10432, 26, '24.9000', 10),
(10432, 54, '5.9000', 40),
(10433, 56, '30.4000', 28),
(10434, 11, '16.8000', 6),
(10434, 76, '14.4000', 18),
(10435, 2, '15.2000', 10),
(10435, 22, '16.8000', 12),
(10435, 72, '27.8000', 10),
(10436, 46, '9.6000', 5),
(10436, 56, '30.4000', 40),
(10436, 64, '26.6000', 30),
(10436, 75, '6.2000', 24),
(10437, 53, '26.2000', 15),
(10438, 19, '7.3000', 15),
(10438, 34, '11.2000', 20),
(10438, 57, '15.6000', 15),
(10439, 12, '30.4000', 15),
(10439, 16, '13.9000', 16),
(10439, 64, '26.6000', 6),
(10439, 74, '8.0000', 30),
(10440, 2, '15.2000', 45),
(10440, 16, '13.9000', 49),
(10440, 29, '99.0000', 24),
(10440, 61, '22.8000', 90),
(10441, 27, '35.1000', 50),
(10442, 11, '16.8000', 30),
(10442, 54, '5.9000', 80),
(10442, 66, '13.6000', 60),
(10443, 11, '16.8000', 6),
(10443, 28, '36.4000', 12),
(10444, 17, '31.2000', 10),
(10444, 26, '24.9000', 15),
(10444, 35, '14.4000', 8),
(10444, 41, '7.7000', 30),
(10445, 39, '14.4000', 6),
(10445, 54, '5.9000', 15),
(10446, 19, '7.3000', 12),
(10446, 24, '3.6000', 20),
(10446, 31, '10.0000', 3),
(10446, 52, '5.6000', 15),
(10447, 19, '7.3000', 40),
(10447, 65, '16.8000', 35),
(10447, 71, '17.2000', 2),
(10448, 26, '24.9000', 6),
(10448, 40, '14.7000', 20),
(10449, 10, '24.8000', 14),
(10449, 52, '5.6000', 20),
(10449, 62, '39.4000', 35),
(10450, 10, '24.8000', 20),
(10450, 54, '5.9000', 6),
(10451, 55, '19.2000', 120),
(10451, 64, '26.6000', 35),
(10451, 65, '16.8000', 28),
(10451, 77, '10.4000', 55),
(10452, 28, '36.4000', 15),
(10452, 44, '15.5000', 100),
(10453, 48, '10.2000', 15),
(10453, 70, '12.0000', 25),
(10454, 16, '13.9000', 20),
(10454, 33, '2.0000', 20),
(10454, 46, '9.6000', 10),
(10455, 39, '14.4000', 20),
(10455, 53, '26.2000', 50),
(10455, 61, '22.8000', 25),
(10455, 71, '17.2000', 30),
(10456, 21, '8.0000', 40),
(10456, 49, '16.0000', 21),
(10457, 59, '44.0000', 36),
(10458, 26, '24.9000', 30),
(10458, 28, '36.4000', 30),
(10458, 43, '36.8000', 20),
(10458, 56, '30.4000', 15),
(10458, 71, '17.2000', 50),
(10459, 7, '24.0000', 16),
(10459, 46, '9.6000', 20),
(10459, 72, '27.8000', 40),
(10460, 68, '10.0000', 21),
(10460, 75, '6.2000', 4),
(10461, 21, '8.0000', 40),
(10461, 30, '20.7000', 28),
(10461, 55, '19.2000', 60),
(10462, 13, '4.8000', 1),
(10462, 23, '7.2000', 21),
(10463, 19, '7.3000', 21),
(10463, 42, '11.2000', 50),
(10464, 4, '17.6000', 16),
(10464, 43, '36.8000', 3),
(10464, 56, '30.4000', 30),
(10464, 60, '27.2000', 20),
(10465, 24, '3.6000', 25),
(10465, 29, '99.0000', 18),
(10465, 40, '14.7000', 20),
(10465, 45, '7.6000', 30),
(10465, 50, '13.0000', 25),
(10466, 11, '16.8000', 10),
(10466, 46, '9.6000', 5),
(10467, 24, '3.6000', 28),
(10467, 25, '11.2000', 12),
(10468, 30, '20.7000', 8),
(10468, 43, '36.8000', 15),
(10469, 2, '15.2000', 40),
(10469, 16, '13.9000', 35),
(10469, 44, '15.5000', 2),
(10470, 18, '50.0000', 30),
(10470, 23, '7.2000', 15),
(10470, 64, '26.6000', 8),
(10471, 7, '24.0000', 30),
(10471, 56, '30.4000', 20),
(10472, 24, '3.6000', 80),
(10472, 51, '42.4000', 18),
(10473, 33, '2.0000', 12),
(10473, 71, '17.2000', 12),
(10474, 14, '18.6000', 12),
(10474, 28, '36.4000', 18),
(10474, 40, '14.7000', 21),
(10474, 75, '6.2000', 10),
(10475, 31, '10.0000', 35),
(10475, 66, '13.6000', 60),
(10475, 76, '14.4000', 42),
(10476, 55, '19.2000', 2),
(10476, 70, '12.0000', 12),
(10477, 1, '14.4000', 15),
(10477, 21, '8.0000', 21),
(10477, 39, '14.4000', 20),
(10478, 10, '24.8000', 20),
(10479, 38, '210.8000', 30),
(10479, 53, '26.2000', 28),
(10479, 59, '44.0000', 60),
(10479, 64, '26.6000', 30),
(10480, 47, '7.6000', 30),
(10480, 59, '44.0000', 12),
(10481, 49, '16.0000', 24),
(10481, 60, '27.2000', 40),
(10482, 40, '14.7000', 10),
(10483, 34, '11.2000', 35),
(10483, 77, '10.4000', 30),
(10484, 21, '8.0000', 14),
(10484, 40, '14.7000', 10),
(10484, 51, '42.4000', 3),
(10485, 2, '15.2000', 20),
(10485, 3, '8.0000', 20),
(10485, 55, '19.2000', 30),
(10485, 70, '12.0000', 60),
(10486, 11, '16.8000', 5),
(10486, 51, '42.4000', 25),
(10486, 74, '8.0000', 16),
(10487, 19, '7.3000', 5),
(10487, 26, '24.9000', 30),
(10487, 54, '5.9000', 24),
(10488, 59, '44.0000', 30),
(10488, 73, '12.0000', 20),
(10489, 11, '16.8000', 15),
(10489, 16, '13.9000', 18),
(10490, 59, '44.0000', 60),
(10490, 68, '10.0000', 30),
(10490, 75, '6.2000', 36),
(10491, 44, '15.5000', 15),
(10491, 77, '10.4000', 7),
(10492, 25, '11.2000', 60),
(10492, 42, '11.2000', 20),
(10493, 65, '16.8000', 15),
(10493, 66, '13.6000', 10),
(10493, 69, '28.8000', 10),
(10494, 56, '30.4000', 30),
(10495, 23, '7.2000', 10),
(10495, 41, '7.7000', 20),
(10495, 77, '10.4000', 5),
(10496, 31, '10.0000', 20),
(10497, 56, '30.4000', 14),
(10497, 72, '27.8000', 25),
(10497, 77, '10.4000', 25),
(10498, 24, '4.5000', 14),
(10498, 40, '18.4000', 5),
(10498, 42, '14.0000', 30),
(10499, 28, '45.6000', 20),
(10499, 49, '20.0000', 25),
(10500, 15, '15.5000', 12),
(10500, 28, '45.6000', 8),
(10501, 54, '7.4500', 20),
(10502, 45, '9.5000', 21),
(10502, 53, '32.8000', 6),
(10502, 67, '14.0000', 30),
(10503, 14, '23.2500', 70),
(10503, 65, '21.0500', 20),
(10504, 2, '19.0000', 12),
(10504, 21, '10.0000', 12),
(10504, 53, '32.8000', 10),
(10504, 61, '28.5000', 25),
(10505, 62, '49.3000', 3),
(10506, 25, '14.0000', 18),
(10506, 70, '15.0000', 14),
(10507, 43, '46.0000', 15),
(10507, 48, '12.7500', 15),
(10508, 13, '6.0000', 10),
(10508, 39, '18.0000', 10),
(10509, 28, '45.6000', 3),
(10510, 29, '123.7900', 36),
(10510, 75, '7.7500', 36),
(10511, 4, '22.0000', 50),
(10511, 7, '30.0000', 50),
(10511, 8, '40.0000', 10),
(10512, 24, '4.5000', 10),
(10512, 46, '12.0000', 9),
(10512, 47, '9.5000', 6),
(10512, 60, '34.0000', 12),
(10513, 21, '10.0000', 40),
(10513, 32, '32.0000', 50),
(10513, 61, '28.5000', 15),
(10514, 20, '81.0000', 39),
(10514, 28, '45.6000', 35),
(10514, 56, '38.0000', 70),
(10514, 65, '21.0500', 39),
(10514, 75, '7.7500', 50),
(10515, 9, '97.0000', 16),
(10515, 16, '17.4500', 50),
(10515, 27, '43.9000', 120),
(10515, 33, '2.5000', 16),
(10515, 60, '34.0000', 84),
(10516, 18, '62.5000', 25),
(10516, 41, '9.6500', 80),
(10516, 42, '14.0000', 20),
(10517, 52, '7.0000', 6),
(10517, 59, '55.0000', 4),
(10517, 70, '15.0000', 6),
(10518, 24, '4.5000', 5),
(10518, 38, '263.5000', 15),
(10518, 44, '19.4500', 9),
(10519, 10, '31.0000', 16),
(10519, 56, '38.0000', 40),
(10519, 60, '34.0000', 10),
(10520, 24, '4.5000', 8),
(10520, 53, '32.8000', 5),
(10521, 35, '18.0000', 3),
(10521, 41, '9.6500', 10),
(10521, 68, '12.5000', 6),
(10522, 1, '18.0000', 40),
(10522, 8, '40.0000', 24),
(10522, 30, '25.8900', 20),
(10522, 40, '18.4000', 25),
(10523, 17, '39.0000', 25),
(10523, 20, '81.0000', 15),
(10523, 37, '26.0000', 18),
(10523, 41, '9.6500', 6),
(10524, 10, '31.0000', 2),
(10524, 30, '25.8900', 10),
(10524, 43, '46.0000', 60),
(10524, 54, '7.4500', 15),
(10525, 36, '19.0000', 30),
(10525, 40, '18.4000', 15),
(10526, 1, '18.0000', 8),
(10526, 13, '6.0000', 10),
(10526, 56, '38.0000', 30),
(10527, 4, '22.0000', 50),
(10527, 36, '19.0000', 30),
(10528, 11, '21.0000', 3),
(10528, 33, '2.5000', 8),
(10528, 72, '34.8000', 9),
(10529, 55, '24.0000', 14),
(10529, 68, '12.5000', 20),
(10529, 69, '36.0000', 10),
(10530, 17, '39.0000', 40),
(10530, 43, '46.0000', 25),
(10530, 61, '28.5000', 20),
(10530, 76, '18.0000', 50),
(10531, 59, '55.0000', 2),
(10532, 30, '25.8900', 15),
(10532, 66, '17.0000', 24),
(10533, 4, '22.0000', 50),
(10533, 72, '34.8000', 24),
(10533, 73, '15.0000', 24),
(10534, 30, '25.8900', 10),
(10534, 40, '18.4000', 10),
(10534, 54, '7.4500', 10),
(10535, 11, '21.0000', 50),
(10535, 40, '18.4000', 10),
(10535, 57, '19.5000', 5),
(10535, 59, '55.0000', 15),
(10536, 12, '38.0000', 15),
(10536, 31, '12.5000', 20),
(10536, 33, '2.5000', 30),
(10536, 60, '34.0000', 35),
(10537, 31, '12.5000', 30),
(10537, 51, '53.0000', 6),
(10537, 58, '13.2500', 20),
(10537, 72, '34.8000', 21),
(10537, 73, '15.0000', 9),
(10538, 70, '15.0000', 7),
(10538, 72, '34.8000', 1),
(10539, 13, '6.0000', 8),
(10539, 21, '10.0000', 15),
(10539, 33, '2.5000', 15),
(10539, 49, '20.0000', 6),
(10540, 3, '10.0000', 60),
(10540, 26, '31.2300', 40),
(10540, 38, '263.5000', 30),
(10540, 68, '12.5000', 35),
(10541, 24, '4.5000', 35),
(10541, 38, '263.5000', 4),
(10541, 65, '21.0500', 36),
(10541, 71, '21.5000', 9),
(10542, 11, '21.0000', 15),
(10542, 54, '7.4500', 24),
(10543, 12, '38.0000', 30),
(10543, 23, '9.0000', 70),
(10544, 28, '45.6000', 7),
(10544, 67, '14.0000', 7),
(10545, 11, '21.0000', 10),
(10546, 7, '30.0000', 10),
(10546, 35, '18.0000', 30),
(10546, 62, '49.3000', 40),
(10547, 32, '32.0000', 24),
(10547, 36, '19.0000', 60),
(10548, 34, '14.0000', 10),
(10548, 41, '9.6500', 14),
(10549, 31, '12.5000', 55),
(10549, 45, '9.5000', 100),
(10549, 51, '53.0000', 48),
(10550, 17, '39.0000', 8),
(10550, 19, '9.2000', 10),
(10550, 21, '10.0000', 6),
(10550, 61, '28.5000', 10),
(10551, 16, '17.4500', 40),
(10551, 35, '18.0000', 20),
(10551, 44, '19.4500', 40),
(10552, 69, '36.0000', 18),
(10552, 75, '7.7500', 30),
(10553, 11, '21.0000', 15),
(10553, 16, '17.4500', 14),
(10553, 22, '21.0000', 24),
(10553, 31, '12.5000', 30),
(10553, 35, '18.0000', 6),
(10554, 16, '17.4500', 30),
(10554, 23, '9.0000', 20),
(10554, 62, '49.3000', 20),
(10554, 77, '13.0000', 10),
(10555, 14, '23.2500', 30),
(10555, 19, '9.2000', 35),
(10555, 24, '4.5000', 18),
(10555, 51, '53.0000', 20),
(10555, 56, '38.0000', 40),
(10556, 72, '34.8000', 24),
(10557, 64, '33.2500', 30),
(10557, 75, '7.7500', 20),
(10558, 47, '9.5000', 25),
(10558, 51, '53.0000', 20),
(10558, 52, '7.0000', 30),
(10558, 53, '32.8000', 18),
(10558, 73, '15.0000', 3),
(10559, 41, '9.6500', 12),
(10559, 55, '24.0000', 18),
(10560, 30, '25.8900', 20),
(10560, 62, '49.3000', 15),
(10561, 44, '19.4500', 10),
(10561, 51, '53.0000', 50),
(10562, 33, '2.5000', 20),
(10562, 62, '49.3000', 10),
(10563, 36, '19.0000', 25),
(10563, 52, '7.0000', 70),
(10564, 17, '39.0000', 16),
(10564, 31, '12.5000', 6),
(10564, 55, '24.0000', 25),
(10565, 24, '4.5000', 25),
(10565, 64, '33.2500', 18),
(10566, 11, '21.0000', 35),
(10566, 18, '62.5000', 18),
(10566, 76, '18.0000', 10),
(10567, 31, '12.5000', 60),
(10567, 51, '53.0000', 3),
(10567, 59, '55.0000', 40),
(10568, 10, '31.0000', 5),
(10569, 31, '12.5000', 35),
(10569, 76, '18.0000', 30),
(10570, 11, '21.0000', 15),
(10570, 56, '38.0000', 60),
(10571, 14, '23.2500', 11),
(10571, 42, '14.0000', 28),
(10572, 16, '17.4500', 12),
(10572, 32, '32.0000', 10),
(10572, 40, '18.4000', 50),
(10572, 75, '7.7500', 15),
(10573, 17, '39.0000', 18),
(10573, 34, '14.0000', 40),
(10573, 53, '32.8000', 25),
(10574, 33, '2.5000', 14),
(10574, 40, '18.4000', 2),
(10574, 62, '49.3000', 10),
(10574, 64, '33.2500', 6),
(10575, 59, '55.0000', 12),
(10575, 63, '43.9000', 6),
(10575, 72, '34.8000', 30),
(10575, 76, '18.0000', 10),
(10576, 1, '18.0000', 10),
(10576, 31, '12.5000', 20),
(10576, 44, '19.4500', 21),
(10577, 39, '18.0000', 10),
(10577, 75, '7.7500', 20),
(10577, 77, '13.0000', 18),
(10578, 35, '18.0000', 20),
(10578, 57, '19.5000', 6),
(10579, 15, '15.5000', 10),
(10579, 75, '7.7500', 21),
(10580, 14, '23.2500', 15),
(10580, 41, '9.6500', 9),
(10580, 65, '21.0500', 30),
(10581, 75, '7.7500', 50),
(10582, 57, '19.5000', 4),
(10582, 76, '18.0000', 14),
(10583, 29, '123.7900', 10),
(10583, 60, '34.0000', 24),
(10583, 69, '36.0000', 10),
(10584, 31, '12.5000', 50),
(10585, 47, '9.5000', 15),
(10586, 52, '7.0000', 4),
(10587, 26, '31.2300', 6),
(10587, 35, '18.0000', 20),
(10587, 77, '13.0000', 20),
(10588, 18, '62.5000', 40),
(10588, 42, '14.0000', 100),
(10589, 35, '18.0000', 4),
(10590, 1, '18.0000', 20),
(10590, 77, '13.0000', 60),
(10591, 3, '10.0000', 14),
(10591, 7, '30.0000', 10),
(10591, 54, '7.4500', 50),
(10592, 15, '15.5000', 25),
(10592, 26, '31.2300', 5),
(10593, 20, '81.0000', 21),
(10593, 69, '36.0000', 20),
(10593, 76, '18.0000', 4),
(10594, 52, '7.0000', 24),
(10594, 58, '13.2500', 30),
(10595, 35, '18.0000', 30),
(10595, 61, '28.5000', 120),
(10595, 69, '36.0000', 65),
(10596, 56, '38.0000', 5),
(10596, 63, '43.9000', 24),
(10596, 75, '7.7500', 30),
(10597, 24, '4.5000', 35),
(10597, 57, '19.5000', 20),
(10597, 65, '21.0500', 12),
(10598, 27, '43.9000', 50),
(10598, 71, '21.5000', 9),
(10599, 62, '49.3000', 10),
(10600, 54, '7.4500', 4),
(10600, 73, '15.0000', 30),
(10601, 13, '6.0000', 60),
(10601, 59, '55.0000', 35),
(10602, 77, '13.0000', 5),
(10603, 22, '21.0000', 48),
(10603, 49, '20.0000', 25),
(10604, 48, '12.7500', 6),
(10604, 76, '18.0000', 10),
(10605, 16, '17.4500', 30),
(10605, 59, '55.0000', 20),
(10605, 60, '34.0000', 70),
(10605, 71, '21.5000', 15),
(10606, 4, '22.0000', 20),
(10606, 55, '24.0000', 20),
(10606, 62, '49.3000', 10),
(10607, 7, '30.0000', 45),
(10607, 17, '39.0000', 100),
(10607, 33, '2.5000', 14),
(10607, 40, '18.4000', 42),
(10607, 72, '34.8000', 12),
(10608, 56, '38.0000', 28),
(10609, 1, '18.0000', 3),
(10609, 10, '31.0000', 10),
(10609, 21, '10.0000', 6),
(10610, 36, '19.0000', 21),
(10611, 1, '18.0000', 6),
(10611, 2, '19.0000', 10),
(10611, 60, '34.0000', 15),
(10612, 10, '31.0000', 70),
(10612, 36, '19.0000', 55),
(10612, 49, '20.0000', 18),
(10612, 60, '34.0000', 40),
(10612, 76, '18.0000', 80),
(10613, 13, '6.0000', 8),
(10613, 75, '7.7500', 40),
(10614, 11, '21.0000', 14),
(10614, 21, '10.0000', 8),
(10614, 39, '18.0000', 5),
(10615, 55, '24.0000', 5),
(10616, 38, '263.5000', 15),
(10616, 56, '38.0000', 14),
(10616, 70, '15.0000', 15),
(10616, 71, '21.5000', 15),
(10617, 59, '55.0000', 30),
(10618, 6, '25.0000', 70),
(10618, 56, '38.0000', 20),
(10618, 68, '12.5000', 15),
(10619, 21, '10.0000', 42),
(10619, 22, '21.0000', 40),
(10620, 24, '4.5000', 5),
(10620, 52, '7.0000', 5),
(10621, 19, '9.2000', 5),
(10621, 23, '9.0000', 10),
(10621, 70, '15.0000', 20),
(10621, 71, '21.5000', 15),
(10622, 2, '19.0000', 20),
(10622, 68, '12.5000', 18),
(10623, 14, '23.2500', 21),
(10623, 19, '9.2000', 15),
(10623, 21, '10.0000', 25),
(10623, 24, '4.5000', 3),
(10623, 35, '18.0000', 30),
(10624, 28, '45.6000', 10),
(10624, 29, '123.7900', 6),
(10624, 44, '19.4500', 10),
(10625, 14, '23.2500', 3),
(10625, 42, '14.0000', 5),
(10625, 60, '34.0000', 10),
(10626, 53, '32.8000', 12),
(10626, 60, '34.0000', 20),
(10626, 71, '21.5000', 20),
(10627, 62, '49.3000', 15),
(10627, 73, '15.0000', 35),
(10628, 1, '18.0000', 25),
(10629, 29, '123.7900', 20),
(10629, 64, '33.2500', 9),
(10630, 55, '24.0000', 12),
(10630, 76, '18.0000', 35),
(10631, 75, '7.7500', 8),
(10632, 2, '19.0000', 30),
(10632, 33, '2.5000', 20),
(10633, 12, '38.0000', 36),
(10633, 13, '6.0000', 13),
(10633, 26, '31.2300', 35),
(10633, 62, '49.3000', 80),
(10634, 7, '30.0000', 35),
(10634, 18, '62.5000', 50),
(10634, 51, '53.0000', 15),
(10634, 75, '7.7500', 2),
(10635, 4, '22.0000', 10),
(10635, 5, '21.3500', 15),
(10635, 22, '21.0000', 40),
(10636, 4, '22.0000', 25),
(10636, 58, '13.2500', 6),
(10637, 11, '21.0000', 10),
(10637, 50, '16.2500', 25),
(10637, 56, '38.0000', 60),
(10638, 45, '9.5000', 20),
(10638, 65, '21.0500', 21),
(10638, 72, '34.8000', 60),
(10639, 18, '62.5000', 8),
(10640, 69, '36.0000', 20),
(10640, 70, '15.0000', 15),
(10641, 2, '19.0000', 50),
(10641, 40, '18.4000', 60),
(10642, 21, '10.0000', 30),
(10642, 61, '28.5000', 20),
(10643, 28, '45.6000', 15),
(10643, 39, '18.0000', 21),
(10643, 46, '12.0000', 2),
(10644, 18, '62.5000', 4),
(10644, 43, '46.0000', 20),
(10644, 46, '12.0000', 21),
(10645, 18, '62.5000', 20),
(10645, 36, '19.0000', 15),
(10646, 1, '18.0000', 15),
(10646, 10, '31.0000', 18),
(10646, 71, '21.5000', 30),
(10646, 77, '13.0000', 35),
(10647, 19, '9.2000', 30),
(10647, 39, '18.0000', 20),
(10648, 22, '21.0000', 15),
(10648, 24, '4.5000', 15),
(10649, 28, '45.6000', 20),
(10649, 72, '34.8000', 15),
(10650, 30, '25.8900', 30),
(10650, 53, '32.8000', 25),
(10650, 54, '7.4500', 30),
(10651, 19, '9.2000', 12),
(10651, 22, '21.0000', 20),
(10652, 30, '25.8900', 2),
(10652, 42, '14.0000', 20),
(10653, 16, '17.4500', 30),
(10653, 60, '34.0000', 20),
(10654, 4, '22.0000', 12),
(10654, 39, '18.0000', 20),
(10654, 54, '7.4500', 6),
(10655, 41, '9.6500', 20),
(10656, 14, '23.2500', 3),
(10656, 44, '19.4500', 28),
(10656, 47, '9.5000', 6),
(10657, 15, '15.5000', 50),
(10657, 41, '9.6500', 24),
(10657, 46, '12.0000', 45),
(10657, 47, '9.5000', 10),
(10657, 56, '38.0000', 45),
(10657, 60, '34.0000', 30),
(10658, 21, '10.0000', 60),
(10658, 40, '18.4000', 70),
(10658, 60, '34.0000', 55),
(10658, 77, '13.0000', 70),
(10659, 31, '12.5000', 20),
(10659, 40, '18.4000', 24),
(10659, 70, '15.0000', 40),
(10660, 20, '81.0000', 21),
(10661, 39, '18.0000', 3),
(10661, 58, '13.2500', 49),
(10662, 68, '12.5000', 10),
(10663, 40, '18.4000', 30),
(10663, 42, '14.0000', 30),
(10663, 51, '53.0000', 20),
(10664, 10, '31.0000', 24),
(10664, 56, '38.0000', 12),
(10664, 65, '21.0500', 15),
(10665, 51, '53.0000', 20),
(10665, 59, '55.0000', 1),
(10665, 76, '18.0000', 10),
(10666, 29, '123.7900', 36),
(10666, 65, '21.0500', 10),
(10667, 69, '36.0000', 45),
(10667, 71, '21.5000', 14),
(10668, 31, '12.5000', 8),
(10668, 55, '24.0000', 4),
(10668, 64, '33.2500', 15),
(10669, 36, '19.0000', 30),
(10670, 23, '9.0000', 32),
(10670, 46, '12.0000', 60),
(10670, 67, '14.0000', 25),
(10670, 73, '15.0000', 50),
(10670, 75, '7.7500', 25),
(10671, 16, '17.4500', 10),
(10671, 62, '49.3000', 10),
(10671, 65, '21.0500', 12),
(10672, 38, '263.5000', 15),
(10672, 71, '21.5000', 12),
(10673, 16, '17.4500', 3),
(10673, 42, '14.0000', 6),
(10673, 43, '46.0000', 6),
(10674, 23, '9.0000', 5),
(10675, 14, '23.2500', 30),
(10675, 53, '32.8000', 10),
(10675, 58, '13.2500', 30),
(10676, 10, '31.0000', 2),
(10676, 19, '9.2000', 7),
(10676, 44, '19.4500', 21),
(10677, 26, '31.2300', 30),
(10677, 33, '2.5000', 8),
(10678, 12, '38.0000', 100),
(10678, 33, '2.5000', 30),
(10678, 41, '9.6500', 120),
(10678, 54, '7.4500', 30),
(10679, 59, '55.0000', 12),
(10680, 16, '17.4500', 50),
(10680, 31, '12.5000', 20),
(10680, 42, '14.0000', 40),
(10681, 19, '9.2000', 30),
(10681, 21, '10.0000', 12),
(10681, 64, '33.2500', 28),
(10682, 33, '2.5000', 30),
(10682, 66, '17.0000', 4),
(10682, 75, '7.7500', 30),
(10683, 52, '7.0000', 9),
(10684, 40, '18.4000', 20),
(10684, 47, '9.5000', 40),
(10684, 60, '34.0000', 30),
(10685, 10, '31.0000', 20),
(10685, 41, '9.6500', 4),
(10685, 47, '9.5000', 15),
(10686, 17, '39.0000', 30),
(10686, 26, '31.2300', 15),
(10687, 9, '97.0000', 50),
(10687, 29, '123.7900', 10),
(10687, 36, '19.0000', 6),
(10688, 10, '31.0000', 18),
(10688, 28, '45.6000', 60),
(10688, 34, '14.0000', 14),
(10689, 1, '18.0000', 35),
(10690, 56, '38.0000', 20),
(10690, 77, '13.0000', 30),
(10691, 1, '18.0000', 30),
(10691, 29, '123.7900', 40),
(10691, 43, '46.0000', 40),
(10691, 44, '19.4500', 24),
(10691, 62, '49.3000', 48),
(10692, 63, '43.9000', 20),
(10693, 9, '97.0000', 6),
(10693, 54, '7.4500', 60),
(10693, 69, '36.0000', 30),
(10693, 73, '15.0000', 15),
(10694, 7, '30.0000', 90),
(10694, 59, '55.0000', 25),
(10694, 70, '15.0000', 50),
(10695, 8, '40.0000', 10),
(10695, 12, '38.0000', 4),
(10695, 24, '4.5000', 20),
(10696, 17, '39.0000', 20),
(10696, 46, '12.0000', 18),
(10697, 19, '9.2000', 7),
(10697, 35, '18.0000', 9),
(10697, 58, '13.2500', 30),
(10697, 70, '15.0000', 30),
(10698, 11, '21.0000', 15),
(10698, 17, '39.0000', 8),
(10698, 29, '123.7900', 12),
(10698, 65, '21.0500', 65),
(10698, 70, '15.0000', 8),
(10699, 47, '9.5000', 12),
(10700, 1, '18.0000', 5),
(10700, 34, '14.0000', 12),
(10700, 68, '12.5000', 40),
(10700, 71, '21.5000', 60),
(10701, 59, '55.0000', 42),
(10701, 71, '21.5000', 20),
(10701, 76, '18.0000', 35),
(10702, 3, '10.0000', 6),
(10702, 76, '18.0000', 15),
(10703, 2, '19.0000', 5),
(10703, 59, '55.0000', 35),
(10703, 73, '15.0000', 35),
(10704, 4, '22.0000', 6),
(10704, 24, '4.5000', 35),
(10704, 48, '12.7500', 24),
(10705, 31, '12.5000', 20),
(10705, 32, '32.0000', 4),
(10706, 16, '17.4500', 20),
(10706, 43, '46.0000', 24),
(10706, 59, '55.0000', 8),
(10707, 55, '24.0000', 21),
(10707, 57, '19.5000', 40),
(10707, 70, '15.0000', 28),
(10708, 5, '21.3500', 4),
(10708, 36, '19.0000', 5),
(10709, 8, '40.0000', 40),
(10709, 51, '53.0000', 28),
(10709, 60, '34.0000', 10),
(10710, 19, '9.2000', 5),
(10710, 47, '9.5000', 5),
(10711, 19, '9.2000', 12),
(10711, 41, '9.6500', 42),
(10711, 53, '32.8000', 120),
(10712, 53, '32.8000', 3),
(10712, 56, '38.0000', 30),
(10713, 10, '31.0000', 18),
(10713, 26, '31.2300', 30),
(10713, 45, '9.5000', 110),
(10713, 46, '12.0000', 24),
(10714, 2, '19.0000', 30),
(10714, 17, '39.0000', 27),
(10714, 47, '9.5000', 50),
(10714, 56, '38.0000', 18),
(10714, 58, '13.2500', 12),
(10715, 10, '31.0000', 21),
(10715, 71, '21.5000', 30),
(10716, 21, '10.0000', 5),
(10716, 51, '53.0000', 7),
(10716, 61, '28.5000', 10),
(10717, 21, '10.0000', 32),
(10717, 54, '7.4500', 15),
(10717, 69, '36.0000', 25),
(10718, 12, '38.0000', 36),
(10718, 16, '17.4500', 20),
(10718, 36, '19.0000', 40),
(10718, 62, '49.3000', 20),
(10719, 18, '62.5000', 12),
(10719, 30, '25.8900', 3),
(10719, 54, '7.4500', 40),
(10720, 35, '18.0000', 21),
(10720, 71, '21.5000', 8),
(10721, 44, '19.4500', 50),
(10722, 2, '19.0000', 3),
(10722, 31, '12.5000', 50),
(10722, 68, '12.5000', 45),
(10722, 75, '7.7500', 42),
(10723, 26, '31.2300', 15),
(10724, 10, '31.0000', 16),
(10724, 61, '28.5000', 5),
(10725, 41, '9.6500', 12),
(10725, 52, '7.0000', 4),
(10725, 55, '24.0000', 6),
(10726, 4, '22.0000', 25),
(10726, 11, '21.0000', 5),
(10727, 17, '39.0000', 20),
(10727, 56, '38.0000', 10),
(10727, 59, '55.0000', 10),
(10728, 30, '25.8900', 15),
(10728, 40, '18.4000', 6),
(10728, 55, '24.0000', 12),
(10728, 60, '34.0000', 15),
(10729, 1, '18.0000', 50),
(10729, 21, '10.0000', 30),
(10729, 50, '16.2500', 40),
(10730, 16, '17.4500', 15),
(10730, 31, '12.5000', 3),
(10730, 65, '21.0500', 10),
(10731, 21, '10.0000', 40),
(10731, 51, '53.0000', 30),
(10732, 76, '18.0000', 20),
(10733, 14, '23.2500', 16),
(10733, 28, '45.6000', 20),
(10733, 52, '7.0000', 25),
(10734, 6, '25.0000', 30),
(10734, 30, '25.8900', 15),
(10734, 76, '18.0000', 20),
(10735, 61, '28.5000', 20),
(10735, 77, '13.0000', 2),
(10736, 65, '21.0500', 40),
(10736, 75, '7.7500', 20),
(10737, 13, '6.0000', 4),
(10737, 41, '9.6500', 12),
(10738, 16, '17.4500', 3),
(10739, 36, '19.0000', 6),
(10739, 52, '7.0000', 18),
(10740, 28, '45.6000', 5),
(10740, 35, '18.0000', 35),
(10740, 45, '9.5000', 40),
(10740, 56, '38.0000', 14),
(10741, 2, '19.0000', 15),
(10742, 3, '10.0000', 20),
(10742, 60, '34.0000', 50),
(10742, 72, '34.8000', 35),
(10743, 46, '12.0000', 28),
(10744, 40, '18.4000', 50),
(10745, 18, '62.5000', 24),
(10745, 44, '19.4500', 16),
(10745, 59, '55.0000', 45),
(10745, 72, '34.8000', 7),
(10746, 13, '6.0000', 6),
(10746, 42, '14.0000', 28),
(10746, 62, '49.3000', 9),
(10746, 69, '36.0000', 40),
(10747, 31, '12.5000', 8),
(10747, 41, '9.6500', 35),
(10747, 63, '43.9000', 9),
(10747, 69, '36.0000', 30),
(10748, 23, '9.0000', 44),
(10748, 40, '18.4000', 40),
(10748, 56, '38.0000', 28),
(10749, 56, '38.0000', 15),
(10749, 59, '55.0000', 6),
(10749, 76, '18.0000', 10),
(10750, 14, '23.2500', 5),
(10750, 45, '9.5000', 40),
(10750, 59, '55.0000', 25),
(10751, 26, '31.2300', 12),
(10751, 30, '25.8900', 30),
(10751, 50, '16.2500', 20),
(10751, 73, '15.0000', 15),
(10752, 1, '18.0000', 8),
(10752, 69, '36.0000', 3),
(10753, 45, '9.5000', 4),
(10753, 74, '10.0000', 5),
(10754, 40, '18.4000', 3),
(10755, 47, '9.5000', 30),
(10755, 56, '38.0000', 30),
(10755, 57, '19.5000', 14),
(10755, 69, '36.0000', 25),
(10756, 18, '62.5000', 21),
(10756, 36, '19.0000', 20),
(10756, 68, '12.5000', 6),
(10756, 69, '36.0000', 20),
(10757, 34, '14.0000', 30),
(10757, 59, '55.0000', 7),
(10757, 62, '49.3000', 30),
(10757, 64, '33.2500', 24),
(10758, 26, '31.2300', 20),
(10758, 52, '7.0000', 60),
(10758, 70, '15.0000', 40),
(10759, 32, '32.0000', 10),
(10760, 25, '14.0000', 12),
(10760, 27, '43.9000', 40),
(10760, 43, '46.0000', 30),
(10761, 25, '14.0000', 35),
(10761, 75, '7.7500', 18),
(10762, 39, '18.0000', 16),
(10762, 47, '9.5000', 30),
(10762, 51, '53.0000', 28),
(10762, 56, '38.0000', 60),
(10763, 21, '10.0000', 40),
(10763, 22, '21.0000', 6),
(10763, 24, '4.5000', 20),
(10764, 3, '10.0000', 20),
(10764, 39, '18.0000', 130),
(10765, 65, '21.0500', 80),
(10766, 2, '19.0000', 40),
(10766, 7, '30.0000', 35),
(10766, 68, '12.5000', 40),
(10767, 42, '14.0000', 2),
(10768, 22, '21.0000', 4),
(10768, 31, '12.5000', 50),
(10768, 60, '34.0000', 15),
(10768, 71, '21.5000', 12),
(10769, 41, '9.6500', 30),
(10769, 52, '7.0000', 15),
(10769, 61, '28.5000', 20),
(10769, 62, '49.3000', 15),
(10770, 11, '21.0000', 15),
(10771, 71, '21.5000', 16),
(10772, 29, '123.7900', 18),
(10772, 59, '55.0000', 25),
(10773, 17, '39.0000', 33),
(10773, 31, '12.5000', 70),
(10773, 75, '7.7500', 7),
(10774, 31, '12.5000', 2),
(10774, 66, '17.0000', 50),
(10775, 10, '31.0000', 6),
(10775, 67, '14.0000', 3),
(10776, 31, '12.5000', 16),
(10776, 42, '14.0000', 12),
(10776, 45, '9.5000', 27),
(10776, 51, '53.0000', 120),
(10777, 42, '14.0000', 20),
(10778, 41, '9.6500', 10),
(10779, 16, '17.4500', 20),
(10779, 62, '49.3000', 20),
(10780, 70, '15.0000', 35),
(10780, 77, '13.0000', 15),
(10781, 54, '7.4500', 3),
(10781, 56, '38.0000', 20),
(10781, 74, '10.0000', 35),
(10782, 31, '12.5000', 1),
(10783, 31, '12.5000', 10),
(10783, 38, '263.5000', 5),
(10784, 36, '19.0000', 30),
(10784, 39, '18.0000', 2),
(10784, 72, '34.8000', 30),
(10785, 10, '31.0000', 10),
(10785, 75, '7.7500', 10),
(10786, 8, '40.0000', 30),
(10786, 30, '25.8900', 15),
(10786, 75, '7.7500', 42),
(10787, 2, '19.0000', 15),
(10787, 29, '123.7900', 20),
(10788, 19, '9.2000', 50),
(10788, 75, '7.7500', 40),
(10789, 18, '62.5000', 30),
(10789, 35, '18.0000', 15),
(10789, 63, '43.9000', 30),
(10789, 68, '12.5000', 18),
(10790, 7, '30.0000', 3),
(10790, 56, '38.0000', 20),
(10791, 29, '123.7900', 14),
(10791, 41, '9.6500', 20),
(10792, 2, '19.0000', 10),
(10792, 54, '7.4500', 3),
(10792, 68, '12.5000', 15),
(10793, 41, '9.6500', 14),
(10793, 52, '7.0000', 8),
(10794, 14, '23.2500', 15),
(10794, 54, '7.4500', 6),
(10795, 16, '17.4500', 65),
(10795, 17, '39.0000', 35),
(10796, 26, '31.2300', 21),
(10796, 44, '19.4500', 10),
(10796, 64, '33.2500', 35),
(10796, 69, '36.0000', 24),
(10797, 11, '21.0000', 20),
(10798, 62, '49.3000', 2),
(10798, 72, '34.8000', 10),
(10799, 13, '6.0000', 20),
(10799, 24, '4.5000', 20),
(10799, 59, '55.0000', 25),
(10800, 11, '21.0000', 50),
(10800, 51, '53.0000', 10),
(10800, 54, '7.4500', 7),
(10801, 17, '39.0000', 40),
(10801, 29, '123.7900', 20),
(10802, 30, '25.8900', 25),
(10802, 51, '53.0000', 30),
(10802, 55, '24.0000', 60),
(10802, 62, '49.3000', 5),
(10803, 19, '9.2000', 24),
(10803, 25, '14.0000', 15),
(10803, 59, '55.0000', 15),
(10804, 10, '31.0000', 36),
(10804, 28, '45.6000', 24),
(10804, 49, '20.0000', 4),
(10805, 34, '14.0000', 10),
(10805, 38, '263.5000', 10),
(10806, 2, '19.0000', 20),
(10806, 65, '21.0500', 2),
(10806, 74, '10.0000', 15),
(10807, 40, '18.4000', 1),
(10808, 56, '38.0000', 20),
(10808, 76, '18.0000', 50),
(10809, 52, '7.0000', 20),
(10810, 13, '6.0000', 7),
(10810, 25, '14.0000', 5),
(10810, 70, '15.0000', 5),
(10811, 19, '9.2000', 15),
(10811, 23, '9.0000', 18),
(10811, 40, '18.4000', 30),
(10812, 31, '12.5000', 16),
(10812, 72, '34.8000', 40),
(10812, 77, '13.0000', 20),
(10813, 2, '19.0000', 12),
(10813, 46, '12.0000', 35),
(10814, 41, '9.6500', 20),
(10814, 43, '46.0000', 20),
(10814, 48, '12.7500', 8),
(10814, 61, '28.5000', 30),
(10815, 33, '2.5000', 16),
(10816, 38, '263.5000', 30),
(10816, 62, '49.3000', 20),
(10817, 26, '31.2300', 40),
(10817, 38, '263.5000', 30),
(10817, 40, '18.4000', 60),
(10817, 62, '49.3000', 25),
(10818, 32, '32.0000', 20),
(10818, 41, '9.6500', 20),
(10819, 43, '46.0000', 7),
(10819, 75, '7.7500', 20),
(10820, 56, '38.0000', 30),
(10821, 35, '18.0000', 20),
(10821, 51, '53.0000', 6),
(10822, 62, '49.3000', 3),
(10822, 70, '15.0000', 6),
(10823, 11, '21.0000', 20),
(10823, 57, '19.5000', 15),
(10823, 59, '55.0000', 40),
(10823, 77, '13.0000', 15),
(10824, 41, '9.6500', 12),
(10824, 70, '15.0000', 9),
(10825, 26, '31.2300', 12),
(10825, 53, '32.8000', 20),
(10826, 31, '12.5000', 35),
(10826, 57, '19.5000', 15),
(10827, 10, '31.0000', 15),
(10827, 39, '18.0000', 21),
(10828, 20, '81.0000', 5),
(10828, 38, '263.5000', 2),
(10829, 2, '19.0000', 10),
(10829, 8, '40.0000', 20),
(10829, 13, '6.0000', 10),
(10829, 60, '34.0000', 21),
(10830, 6, '25.0000', 6),
(10830, 39, '18.0000', 28),
(10830, 60, '34.0000', 30),
(10830, 68, '12.5000', 24),
(10831, 19, '9.2000', 2),
(10831, 35, '18.0000', 8),
(10831, 38, '263.5000', 8),
(10831, 43, '46.0000', 9),
(10832, 13, '6.0000', 3),
(10832, 25, '14.0000', 10),
(10832, 44, '19.4500', 16),
(10832, 64, '33.2500', 3),
(10833, 7, '30.0000', 20),
(10833, 31, '12.5000', 9),
(10833, 53, '32.8000', 9),
(10834, 29, '123.7900', 8),
(10834, 30, '25.8900', 20),
(10835, 59, '55.0000', 15),
(10835, 77, '13.0000', 2),
(10836, 22, '21.0000', 52),
(10836, 35, '18.0000', 6),
(10836, 57, '19.5000', 24),
(10836, 60, '34.0000', 60),
(10836, 64, '33.2500', 30),
(10837, 13, '6.0000', 6),
(10837, 40, '18.4000', 25),
(10837, 47, '9.5000', 40),
(10837, 76, '18.0000', 21),
(10838, 1, '18.0000', 4),
(10838, 18, '62.5000', 25),
(10838, 36, '19.0000', 50),
(10839, 58, '13.2500', 30),
(10839, 72, '34.8000', 15),
(10840, 25, '14.0000', 6),
(10840, 39, '18.0000', 10),
(10841, 10, '31.0000', 16),
(10841, 56, '38.0000', 30),
(10841, 59, '55.0000', 50),
(10841, 77, '13.0000', 15),
(10842, 11, '21.0000', 15),
(10842, 43, '46.0000', 5),
(10842, 68, '12.5000', 20),
(10842, 70, '15.0000', 12),
(10843, 51, '53.0000', 4),
(10844, 22, '21.0000', 35),
(10845, 23, '9.0000', 70),
(10845, 35, '18.0000', 25),
(10845, 42, '14.0000', 42),
(10845, 58, '13.2500', 60),
(10845, 64, '33.2500', 48),
(10846, 4, '22.0000', 21),
(10846, 70, '15.0000', 30),
(10846, 74, '10.0000', 20),
(10847, 1, '18.0000', 80),
(10847, 19, '9.2000', 12),
(10847, 37, '26.0000', 60),
(10847, 45, '9.5000', 36),
(10847, 60, '34.0000', 45),
(10847, 71, '21.5000', 55),
(10848, 5, '21.3500', 30),
(10848, 9, '97.0000', 3),
(10849, 3, '10.0000', 49),
(10849, 26, '31.2300', 18),
(10850, 25, '14.0000', 20),
(10850, 33, '2.5000', 4),
(10850, 70, '15.0000', 30),
(10851, 2, '19.0000', 5),
(10851, 25, '14.0000', 10),
(10851, 57, '19.5000', 10),
(10851, 59, '55.0000', 42),
(10852, 2, '19.0000', 15),
(10852, 17, '39.0000', 6),
(10852, 62, '49.3000', 50),
(10853, 18, '62.5000', 10),
(10854, 10, '31.0000', 100),
(10854, 13, '6.0000', 65),
(10855, 16, '17.4500', 50),
(10855, 31, '12.5000', 14),
(10855, 56, '38.0000', 24),
(10855, 65, '21.0500', 15),
(10856, 2, '19.0000', 20),
(10856, 42, '14.0000', 20),
(10857, 3, '10.0000', 30),
(10857, 26, '31.2300', 35),
(10857, 29, '123.7900', 10),
(10858, 7, '30.0000', 5),
(10858, 27, '43.9000', 10),
(10858, 70, '15.0000', 4),
(10859, 24, '4.5000', 40),
(10859, 54, '7.4500', 35),
(10859, 64, '33.2500', 30),
(10860, 51, '53.0000', 3),
(10860, 76, '18.0000', 20),
(10861, 17, '39.0000', 42),
(10861, 18, '62.5000', 20),
(10861, 21, '10.0000', 40),
(10861, 33, '2.5000', 35),
(10861, 62, '49.3000', 3),
(10862, 11, '21.0000', 25),
(10862, 52, '7.0000', 8),
(10863, 1, '18.0000', 20),
(10863, 58, '13.2500', 12),
(10864, 35, '18.0000', 4),
(10864, 67, '14.0000', 15),
(10865, 38, '263.5000', 60),
(10865, 39, '18.0000', 80),
(10866, 2, '19.0000', 21),
(10866, 24, '4.5000', 6),
(10866, 30, '25.8900', 40),
(10867, 53, '32.8000', 3),
(10868, 26, '31.2300', 20),
(10868, 35, '18.0000', 30),
(10868, 49, '20.0000', 42),
(10869, 1, '18.0000', 40),
(10869, 11, '21.0000', 10),
(10869, 23, '9.0000', 50),
(10869, 68, '12.5000', 20),
(10870, 35, '18.0000', 3),
(10870, 51, '53.0000', 2),
(10871, 6, '25.0000', 50),
(10871, 16, '17.4500', 12),
(10871, 17, '39.0000', 16),
(10872, 55, '24.0000', 10),
(10872, 62, '49.3000', 20),
(10872, 64, '33.2500', 15),
(10872, 65, '21.0500', 21),
(10873, 21, '10.0000', 20),
(10873, 28, '45.6000', 3),
(10874, 10, '31.0000', 10),
(10875, 19, '9.2000', 25),
(10875, 47, '9.5000', 21),
(10875, 49, '20.0000', 15),
(10876, 46, '12.0000', 21),
(10876, 64, '33.2500', 20),
(10877, 16, '17.4500', 30),
(10877, 18, '62.5000', 25),
(10878, 20, '81.0000', 20),
(10879, 40, '18.4000', 12),
(10879, 65, '21.0500', 10),
(10879, 76, '18.0000', 10),
(10880, 23, '9.0000', 30),
(10880, 61, '28.5000', 30),
(10880, 70, '15.0000', 50),
(10881, 73, '15.0000', 10),
(10882, 42, '14.0000', 25),
(10882, 49, '20.0000', 20),
(10882, 54, '7.4500', 32),
(10883, 24, '4.5000', 8),
(10884, 21, '10.0000', 40),
(10884, 56, '38.0000', 21),
(10884, 65, '21.0500', 12),
(10885, 2, '19.0000', 20),
(10885, 24, '4.5000', 12),
(10885, 70, '15.0000', 30),
(10885, 77, '13.0000', 25),
(10886, 10, '31.0000', 70),
(10886, 31, '12.5000', 35),
(10886, 77, '13.0000', 40),
(10887, 25, '14.0000', 5),
(10888, 2, '19.0000', 20),
(10888, 68, '12.5000', 18),
(10889, 11, '21.0000', 40),
(10889, 38, '263.5000', 40),
(10890, 17, '39.0000', 15),
(10890, 34, '14.0000', 10),
(10890, 41, '9.6500', 14),
(10891, 30, '25.8900', 15),
(10892, 59, '55.0000', 40),
(10893, 8, '40.0000', 30),
(10893, 24, '4.5000', 10),
(10893, 29, '123.7900', 24),
(10893, 30, '25.8900', 35),
(10893, 36, '19.0000', 20),
(10894, 13, '6.0000', 28),
(10894, 69, '36.0000', 50),
(10894, 75, '7.7500', 120),
(10895, 24, '4.5000', 110),
(10895, 39, '18.0000', 45),
(10895, 40, '18.4000', 91),
(10895, 60, '34.0000', 100),
(10896, 45, '9.5000', 15),
(10896, 56, '38.0000', 16),
(10897, 29, '123.7900', 80),
(10897, 30, '25.8900', 36),
(10898, 13, '6.0000', 5),
(10899, 39, '18.0000', 8),
(10900, 70, '15.0000', 3),
(10901, 41, '9.6500', 30),
(10901, 71, '21.5000', 30),
(10902, 55, '24.0000', 30),
(10902, 62, '49.3000', 6),
(10903, 13, '6.0000', 40),
(10903, 65, '21.0500', 21),
(10903, 68, '12.5000', 20),
(10904, 58, '13.2500', 15),
(10904, 62, '49.3000', 35),
(10905, 1, '18.0000', 20),
(10906, 61, '28.5000', 15),
(10907, 75, '7.7500', 14),
(10908, 7, '30.0000', 20),
(10908, 52, '7.0000', 14),
(10909, 7, '30.0000', 12),
(10909, 16, '17.4500', 15),
(10909, 41, '9.6500', 5),
(10910, 19, '9.2000', 12),
(10910, 49, '20.0000', 10),
(10910, 61, '28.5000', 5),
(10911, 1, '18.0000', 10),
(10911, 17, '39.0000', 12),
(10911, 67, '14.0000', 15),
(10912, 11, '21.0000', 40),
(10912, 29, '123.7900', 60),
(10913, 4, '22.0000', 30),
(10913, 33, '2.5000', 40),
(10913, 58, '13.2500', 15),
(10914, 71, '21.5000', 25),
(10915, 17, '39.0000', 10),
(10915, 33, '2.5000', 30),
(10915, 54, '7.4500', 10),
(10916, 16, '17.4500', 6),
(10916, 32, '32.0000', 6),
(10916, 57, '19.5000', 20),
(10917, 30, '25.8900', 1),
(10917, 60, '34.0000', 10),
(10918, 1, '18.0000', 60),
(10918, 60, '34.0000', 25),
(10919, 16, '17.4500', 24),
(10919, 25, '14.0000', 24),
(10919, 40, '18.4000', 20),
(10920, 50, '16.2500', 24),
(10921, 35, '18.0000', 10),
(10921, 63, '43.9000', 40),
(10922, 17, '39.0000', 15),
(10922, 24, '4.5000', 35),
(10923, 42, '14.0000', 10),
(10923, 43, '46.0000', 10),
(10923, 67, '14.0000', 24),
(10924, 10, '31.0000', 20),
(10924, 28, '45.6000', 30),
(10924, 75, '7.7500', 6),
(10925, 36, '19.0000', 25),
(10925, 52, '7.0000', 12),
(10926, 11, '21.0000', 2),
(10926, 13, '6.0000', 10),
(10926, 19, '9.2000', 7),
(10926, 72, '34.8000', 10),
(10927, 20, '81.0000', 5),
(10927, 52, '7.0000', 5),
(10927, 76, '18.0000', 20),
(10928, 47, '9.5000', 5),
(10928, 76, '18.0000', 5),
(10929, 21, '10.0000', 60),
(10929, 75, '7.7500', 49),
(10929, 77, '13.0000', 15),
(10930, 21, '10.0000', 36),
(10930, 27, '43.9000', 25),
(10930, 55, '24.0000', 25),
(10930, 58, '13.2500', 30),
(10931, 13, '6.0000', 42),
(10931, 57, '19.5000', 30),
(10932, 16, '17.4500', 30),
(10932, 62, '49.3000', 14),
(10932, 72, '34.8000', 16),
(10932, 75, '7.7500', 20),
(10933, 53, '32.8000', 2),
(10933, 61, '28.5000', 30),
(10934, 6, '25.0000', 20),
(10935, 1, '18.0000', 21),
(10935, 18, '62.5000', 4),
(10935, 23, '9.0000', 8),
(10936, 36, '19.0000', 30),
(10937, 28, '45.6000', 8),
(10937, 34, '14.0000', 20),
(10938, 13, '6.0000', 20),
(10938, 43, '46.0000', 24),
(10938, 60, '34.0000', 49),
(10938, 71, '21.5000', 35),
(10939, 2, '19.0000', 10),
(10939, 67, '14.0000', 40),
(10940, 7, '30.0000', 8),
(10940, 13, '6.0000', 20),
(10941, 31, '12.5000', 44),
(10941, 62, '49.3000', 30),
(10941, 68, '12.5000', 80),
(10941, 72, '34.8000', 50),
(10942, 49, '20.0000', 28),
(10943, 13, '6.0000', 15),
(10943, 22, '21.0000', 21),
(10943, 46, '12.0000', 15),
(10944, 11, '21.0000', 5),
(10944, 44, '19.4500', 18),
(10944, 56, '38.0000', 18),
(10945, 13, '6.0000', 20),
(10945, 31, '12.5000', 10),
(10946, 10, '31.0000', 25),
(10946, 24, '4.5000', 25),
(10946, 77, '13.0000', 40),
(10947, 59, '55.0000', 4),
(10948, 50, '16.2500', 9),
(10948, 51, '53.0000', 40),
(10948, 55, '24.0000', 4),
(10949, 6, '25.0000', 12),
(10949, 10, '31.0000', 30),
(10949, 17, '39.0000', 6),
(10949, 62, '49.3000', 60),
(10950, 4, '22.0000', 5),
(10951, 33, '2.5000', 15),
(10951, 41, '9.6500', 6),
(10951, 75, '7.7500', 50),
(10952, 6, '25.0000', 16),
(10952, 28, '45.6000', 2),
(10953, 20, '81.0000', 50),
(10953, 31, '12.5000', 50),
(10954, 16, '17.4500', 28),
(10954, 31, '12.5000', 25),
(10954, 45, '9.5000', 30),
(10954, 60, '34.0000', 24),
(10955, 75, '7.7500', 12),
(10956, 21, '10.0000', 12),
(10956, 47, '9.5000', 14),
(10956, 51, '53.0000', 8),
(10957, 30, '25.8900', 30),
(10957, 35, '18.0000', 40),
(10957, 64, '33.2500', 8),
(10958, 5, '21.3500', 20),
(10958, 7, '30.0000', 6),
(10958, 72, '34.8000', 5),
(10959, 75, '7.7500', 20),
(10960, 24, '4.5000', 10),
(10960, 41, '9.6500', 24),
(10961, 52, '7.0000', 6),
(10961, 76, '18.0000', 60),
(10962, 7, '30.0000', 45),
(10962, 13, '6.0000', 77),
(10962, 53, '32.8000', 20),
(10962, 69, '36.0000', 9),
(10962, 76, '18.0000', 44),
(10963, 60, '34.0000', 2),
(10964, 18, '62.5000', 6),
(10964, 38, '263.5000', 5),
(10964, 69, '36.0000', 10),
(10965, 51, '53.0000', 16),
(10966, 37, '26.0000', 8),
(10966, 56, '38.0000', 12),
(10966, 62, '49.3000', 12),
(10967, 19, '9.2000', 12),
(10967, 49, '20.0000', 40),
(10968, 12, '38.0000', 30),
(10968, 24, '4.5000', 30),
(10968, 64, '33.2500', 4),
(10969, 46, '12.0000', 9),
(10970, 52, '7.0000', 40),
(10971, 29, '123.7900', 14),
(10972, 17, '39.0000', 6),
(10972, 33, '2.5000', 7),
(10973, 26, '31.2300', 5),
(10973, 41, '9.6500', 6),
(10973, 75, '7.7500', 10),
(10974, 63, '43.9000', 10),
(10975, 8, '40.0000', 16),
(10975, 75, '7.7500', 10),
(10976, 28, '45.6000', 20),
(10977, 39, '18.0000', 30),
(10977, 47, '9.5000', 30),
(10977, 51, '53.0000', 10),
(10977, 63, '43.9000', 20),
(10978, 8, '40.0000', 20),
(10978, 21, '10.0000', 40),
(10978, 40, '18.4000', 10),
(10978, 44, '19.4500', 6),
(10979, 7, '30.0000', 18),
(10979, 12, '38.0000', 20),
(10979, 24, '4.5000', 80),
(10979, 27, '43.9000', 30),
(10979, 31, '12.5000', 24),
(10979, 63, '43.9000', 35),
(10980, 75, '7.7500', 40),
(10981, 38, '263.5000', 60),
(10982, 7, '30.0000', 20),
(10982, 43, '46.0000', 9),
(10983, 13, '6.0000', 84),
(10983, 57, '19.5000', 15),
(10984, 16, '17.4500', 55),
(10984, 24, '4.5000', 20),
(10984, 36, '19.0000', 40),
(10985, 16, '17.4500', 36),
(10985, 18, '62.5000', 8),
(10985, 32, '32.0000', 35),
(10986, 11, '21.0000', 30),
(10986, 20, '81.0000', 15),
(10986, 76, '18.0000', 10),
(10986, 77, '13.0000', 15),
(10987, 7, '30.0000', 60),
(10987, 43, '46.0000', 6),
(10987, 72, '34.8000', 20),
(10988, 7, '30.0000', 60),
(10988, 62, '49.3000', 40),
(10989, 6, '25.0000', 40),
(10989, 11, '21.0000', 15),
(10989, 41, '9.6500', 4),
(10990, 21, '10.0000', 65),
(10990, 34, '14.0000', 60),
(10990, 55, '24.0000', 65),
(10990, 61, '28.5000', 66),
(10991, 2, '19.0000', 50),
(10991, 70, '15.0000', 20),
(10991, 76, '18.0000', 90),
(10992, 72, '34.8000', 2),
(10993, 29, '123.7900', 50),
(10993, 41, '9.6500', 35),
(10994, 59, '55.0000', 18),
(10995, 51, '53.0000', 20),
(10995, 60, '34.0000', 4),
(10996, 42, '14.0000', 40),
(10997, 32, '32.0000', 50),
(10997, 46, '12.0000', 20),
(10997, 52, '7.0000', 20),
(10998, 24, '4.5000', 12),
(10998, 61, '28.5000', 7),
(10998, 74, '10.0000', 20),
(10998, 75, '7.7500', 30),
(10999, 41, '9.6500', 20),
(10999, 51, '53.0000', 15),
(10999, 77, '13.0000', 21),
(11000, 4, '22.0000', 25),
(11000, 24, '4.5000', 30),
(11000, 77, '13.0000', 30),
(11001, 7, '30.0000', 60),
(11001, 22, '21.0000', 25),
(11001, 46, '12.0000', 25),
(11001, 55, '24.0000', 6),
(11002, 13, '6.0000', 56),
(11002, 35, '18.0000', 15),
(11002, 42, '14.0000', 24),
(11002, 55, '24.0000', 40);
INSERT INTO `pedidosdetalles` (`idpedido`, `idproducto`, `precio`, `cantidad`) VALUES
(11003, 1, '18.0000', 4),
(11003, 40, '18.4000', 10),
(11003, 52, '7.0000', 10),
(11004, 26, '31.2300', 6),
(11004, 76, '18.0000', 6),
(11005, 1, '18.0000', 2),
(11005, 59, '55.0000', 10),
(11006, 1, '18.0000', 8),
(11006, 29, '123.7900', 2),
(11007, 8, '40.0000', 30),
(11007, 29, '123.7900', 10),
(11007, 42, '14.0000', 14),
(11008, 28, '45.6000', 70),
(11008, 34, '14.0000', 90),
(11008, 71, '21.5000', 21),
(11009, 24, '4.5000', 12),
(11009, 36, '19.0000', 18),
(11009, 60, '34.0000', 9),
(11010, 7, '30.0000', 20),
(11010, 24, '4.5000', 10),
(11011, 58, '13.2500', 40),
(11011, 71, '21.5000', 20),
(11012, 19, '9.2000', 50),
(11012, 60, '34.0000', 36),
(11012, 71, '21.5000', 60),
(11013, 23, '9.0000', 10),
(11013, 42, '14.0000', 4),
(11013, 45, '9.5000', 20),
(11013, 68, '12.5000', 2),
(11014, 41, '9.6500', 28),
(11015, 30, '25.8900', 15),
(11015, 77, '13.0000', 18),
(11016, 31, '12.5000', 15),
(11016, 36, '19.0000', 16),
(11017, 3, '10.0000', 25),
(11017, 59, '55.0000', 110),
(11017, 70, '15.0000', 30),
(11018, 12, '38.0000', 20),
(11018, 18, '62.5000', 10),
(11018, 56, '38.0000', 5),
(11019, 46, '12.0000', 3),
(11019, 49, '20.0000', 2),
(11020, 10, '31.0000', 24),
(11021, 2, '19.0000', 11),
(11021, 20, '81.0000', 15),
(11021, 26, '31.2300', 63),
(11021, 51, '53.0000', 44),
(11021, 72, '34.8000', 35),
(11022, 19, '9.2000', 35),
(11022, 69, '36.0000', 30),
(11023, 7, '30.0000', 4),
(11023, 43, '46.0000', 30),
(11024, 26, '31.2300', 12),
(11024, 33, '2.5000', 30),
(11024, 65, '21.0500', 21),
(11024, 71, '21.5000', 50),
(11025, 1, '18.0000', 10),
(11025, 13, '6.0000', 20),
(11026, 18, '62.5000', 8),
(11026, 51, '53.0000', 10),
(11027, 24, '4.5000', 30),
(11027, 62, '49.3000', 21),
(11028, 55, '24.0000', 35),
(11028, 59, '55.0000', 24),
(11029, 56, '38.0000', 20),
(11029, 63, '43.9000', 12),
(11030, 2, '19.0000', 100),
(11030, 5, '21.3500', 70),
(11030, 29, '123.7900', 60),
(11030, 59, '55.0000', 100),
(11031, 1, '18.0000', 45),
(11031, 13, '6.0000', 80),
(11031, 24, '4.5000', 21),
(11031, 64, '33.2500', 20),
(11031, 71, '21.5000', 16),
(11032, 36, '19.0000', 35),
(11032, 38, '263.5000', 25),
(11032, 59, '55.0000', 30),
(11033, 53, '32.8000', 70),
(11033, 69, '36.0000', 36),
(11034, 21, '10.0000', 15),
(11034, 44, '19.4500', 12),
(11034, 61, '28.5000', 6),
(11035, 1, '18.0000', 10),
(11035, 35, '18.0000', 60),
(11035, 42, '14.0000', 30),
(11035, 54, '7.4500', 10),
(11036, 13, '6.0000', 7),
(11036, 59, '55.0000', 30),
(11037, 70, '15.0000', 4),
(11038, 40, '18.4000', 5),
(11038, 52, '7.0000', 2),
(11038, 71, '21.5000', 30),
(11039, 28, '45.6000', 20),
(11039, 35, '18.0000', 24),
(11039, 49, '20.0000', 60),
(11039, 57, '19.5000', 28),
(11040, 21, '10.0000', 20),
(11041, 2, '19.0000', 30),
(11041, 63, '43.9000', 30),
(11042, 44, '19.4500', 15),
(11042, 61, '28.5000', 4),
(11043, 11, '21.0000', 10),
(11044, 62, '49.3000', 12),
(11045, 33, '2.5000', 15),
(11045, 51, '53.0000', 24),
(11046, 12, '38.0000', 20),
(11046, 32, '32.0000', 15),
(11046, 35, '18.0000', 18),
(11047, 1, '18.0000', 25),
(11047, 5, '21.3500', 30),
(11048, 68, '12.5000', 42),
(11049, 2, '19.0000', 10),
(11049, 12, '38.0000', 4),
(11050, 76, '18.0000', 50),
(11051, 24, '4.5000', 10),
(11052, 43, '46.0000', 30),
(11052, 61, '28.5000', 10),
(11053, 18, '62.5000', 35),
(11053, 32, '32.0000', 20),
(11053, 64, '33.2500', 25),
(11054, 33, '2.5000', 10),
(11054, 67, '14.0000', 20),
(11055, 24, '4.5000', 15),
(11055, 25, '14.0000', 15),
(11055, 51, '53.0000', 20),
(11055, 57, '19.5000', 20),
(11056, 7, '30.0000', 40),
(11056, 55, '24.0000', 35),
(11056, 60, '34.0000', 50),
(11057, 70, '15.0000', 3),
(11058, 21, '10.0000', 3),
(11058, 60, '34.0000', 21),
(11058, 61, '28.5000', 4),
(11059, 13, '6.0000', 30),
(11059, 17, '39.0000', 12),
(11059, 60, '34.0000', 35),
(11060, 60, '34.0000', 4),
(11060, 77, '13.0000', 10),
(11061, 60, '34.0000', 15),
(11062, 53, '32.8000', 10),
(11062, 70, '15.0000', 12),
(11063, 34, '14.0000', 30),
(11063, 40, '18.4000', 40),
(11063, 41, '9.6500', 30),
(11064, 17, '39.0000', 77),
(11064, 41, '9.6500', 12),
(11064, 53, '32.8000', 25),
(11064, 55, '24.0000', 4),
(11064, 68, '12.5000', 55),
(11065, 30, '25.8900', 4),
(11065, 54, '7.4500', 20),
(11066, 16, '17.4500', 3),
(11066, 19, '9.2000', 42),
(11066, 34, '14.0000', 35),
(11067, 41, '9.6500', 9),
(11068, 28, '45.6000', 8),
(11068, 43, '46.0000', 36),
(11068, 77, '13.0000', 28),
(11069, 39, '18.0000', 20),
(11070, 1, '18.0000', 40),
(11070, 2, '19.0000', 20),
(11070, 16, '17.4500', 30),
(11070, 31, '12.5000', 20),
(11071, 7, '30.0000', 15),
(11071, 13, '6.0000', 10),
(11072, 2, '19.0000', 8),
(11072, 41, '9.6500', 40),
(11072, 50, '16.2500', 22),
(11072, 64, '33.2500', 130),
(11073, 11, '21.0000', 10),
(11073, 24, '4.5000', 20),
(11074, 16, '17.4500', 14),
(11075, 2, '19.0000', 10),
(11075, 46, '12.0000', 30),
(11075, 76, '18.0000', 2),
(11076, 6, '25.0000', 20),
(11076, 14, '23.2500', 20),
(11076, 19, '9.2000', 10),
(11077, 3, '10.0000', 4),
(11077, 8, '40.0000', 2),
(11077, 14, '23.2500', 1),
(11077, 32, '32.0000', 1),
(11077, 46, '12.0000', 3),
(11077, 73, '15.0000', 2);

-- --------------------------------------------------------

--
-- Estructura de tabla para la tabla `productos`
--

CREATE TABLE `productos` (
  `idproducto` int(11) NOT NULL,
  `nombre` varchar(40) DEFAULT NULL,
  `idproveedor` int(11) DEFAULT NULL,
  `idcategoria` int(11) DEFAULT NULL,
  `detalle` varchar(20) DEFAULT NULL,
  `precio` double DEFAULT NULL,
  `unidadesenexistencia` smallint(6) DEFAULT NULL,
  `unidadesenpedido` smallint(6) DEFAULT NULL,
  `nivelnuevopedido` int(11) DEFAULT NULL,
  `enoferta` tinyint(1) DEFAULT 0,
  `imagenchica` varchar(40) DEFAULT NULL,
  `imagengrande` varchar(40) DEFAULT NULL,
  `habilitado` int(11) NOT NULL DEFAULT 1
) ENGINE=MyISAM DEFAULT CHARSET=utf8;

--
-- Volcado de datos para la tabla `productos`
--

INSERT INTO `productos` (`idproducto`, `nombre`, `idproveedor`, `idcategoria`, `detalle`, `precio`, `unidadesenexistencia`, `unidadesenpedido`, `nivelnuevopedido`, `enoferta`, `imagenchica`, `imagengrande`, `habilitado`) VALUES
(1, 'Té Dharamsala', 1, 1, '10 cajas x 20 bolsas', 18, 39, 0, 10, 0, 'imagenes/imch/fotoch1.jpg', 'imagenes/imgr/fotogr1.jpg', 1),
(2, 'Cerveza tibetana Barley', 1, 1, '24 - bot. 12 l', 19, 17, 40, 25, 0, 'imagenes/imch/fotoch2.jpg', 'imagenes/imgr/fotogr2.jpg', 1),
(3, 'Sirope de regaliz', 1, 2, '12 - bot. 550 ml', 10, 13, 70, 25, 0, 'imagenes/imch/fotoch3.jpg', 'imagenes/imgr/fotogr3.jpg', 1),
(4, 'Especias Cajun del chef Anton', 2, 2, '48 - frascos 6 l', 22, 53, 0, 0, 1, 'imagenes/imch/fotoch4.jpg', 'imagenes/imgr/fotogr4.jpg', 1),
(5, 'Mezcla Gumbo del chef Anton', 2, 2, '36 cajas', 21.35, 0, 0, 0, 0, 'imagenes/imch/fotoch5.jpg', 'imagenes/imgr/fotogr5.jpg', 1),
(6, 'Mermelada de grosellas de la abuela', 3, 2, '12 - frascos 8 l', 25, 120, 0, 25, 0, 'imagenes/imch/fotoch6.jpg', 'imagenes/imgr/fotogr6.jpg', 1),
(7, 'Peras secas orgánicas del tío Bob', 3, 7, '12 - paq. 1 kg', 30, 15, 0, 10, 1, 'imagenes/imch/fotoch7.jpg', 'imagenes/imgr/fotogr7.jpg', 0),
(8, 'Salsa de arándanos Northwoods', 3, 2, '12 - frascos 12 l', 40, 6, 0, 0, 0, 'imagenes/imch/fotoch8.jpg', 'imagenes/imgr/fotogr8.jpg', 1),
(9, 'Buey Mishi Kobe', 4, 6, '18 - paq. 500 g', 97, 29, 0, 0, 0, 'imagenes/imch/fotoch9.jpg', 'imagenes/imgr/fotogr9.jpg', 1),
(10, 'Pez espada', 4, 8, '12 - frascos 200 ml', 31, 31, 0, 0, 0, 'imagenes/imch/fotoch10.jpg', 'imagenes/imgr/fotogr10.jpg', 1),
(11, 'Queso Cabrales', 5, 4, 'paq. 1 kg', 21, 22, 30, 30, 1, 'imagenes/imch/fotoch11.jpg', 'imagenes/imgr/fotogr11.jpg', 1),
(12, 'Queso Manchego La Pastora', 5, 4, '10 - paq. 500 g', 38, 86, 0, 0, 0, 'imagenes/imch/fotoch12.jpg', 'imagenes/imgr/fotogr12.jpg', 1),
(13, 'Algas Konbu', 6, 8, 'caja 2 kg', 6, 24, 0, 5, 0, 'imagenes/imch/fotoch13.jpg', 'imagenes/imgr/fotogr13.jpg', 1),
(14, 'Cuajada de judías', 6, 7, '40 - paq. 100 g', 23.25, 35, 0, 0, 1, 'imagenes/imch/fotoch14.jpg', 'imagenes/imgr/fotogr14.jpg', 1),
(15, 'Salsa de soja baja en sodio', 6, 2, '24 - bot. 250 ml', 15.5, 39, 0, 5, 0, 'imagenes/imch/fotoch15.jpg', 'imagenes/imgr/fotogr15.jpg', 1),
(16, 'Postre de merengue Pavlova', 7, 2, '32 - cajas 500 g', 17.45, 29, 0, 10, 0, 'imagenes/imch/fotoch16.jpg', 'imagenes/imgr/fotogr16.jpg', 1),
(17, 'Cordero Alice Springs', 7, 3, '20 - latas 1 kg', 39, 0, 0, 0, 0, 'imagenes/imch/fotoch17.jpg', 'imagenes/imgr/fotogr17.jpg', 1),
(18, 'Langostinos tigre Carnarvon', 7, 3, 'paq. 16 kg', 62.5, 42, 0, 0, 0, 'imagenes/imch/fotoch18.jpg', 'imagenes/imgr/fotogr18.jpg', 1),
(19, 'Pastas de té de chocolate', 8, 3, '10 cajas x 12 piezas', 9.2, 25, 0, 5, 0, 'imagenes/imch/fotoch19.jpg', 'imagenes/imgr/fotogr19.jpg', 1),
(20, 'Mermelada de Sir Rodney\'s', 8, 3, '30 cajas regalo', 81, 40, 0, 0, 0, 'imagenes/imch/fotoch20.jpg', 'imagenes/imgr/fotogr20.jpg', 1),
(21, 'Bollos de Sir Rodney\'s', 8, 3, '24 paq. x 4 piezas', 10, 3, 40, 5, 1, 'imagenes/imch/fotoch21.jpg', 'imagenes/imgr/fotogr21.jpg', 1),
(22, 'Pan de centeno crujiente estilo Gustaf\'s', 9, 5, '24 - paq. 500 g', 21, 104, 0, 25, 0, 'imagenes/imch/fotoch22.jpg', 'imagenes/imgr/fotogr22.jpg', 1),
(23, 'Pan fino', 9, 5, '12 - paq. 250 g', 9, 61, 0, 25, 0, 'imagenes/imch/fotoch23.jpg', 'imagenes/imgr/fotogr23.jpg', 1),
(24, 'Refresco Guaraná Fantástica', 10, 1, '12 - latas 355 ml', 4.5, 20, 0, 0, 0, 'imagenes/imch/fotoch24.jpg', 'imagenes/imgr/fotogr24.jpg', 1),
(25, 'Crema de chocolate y nueces NuNuCa', 11, 3, '20 - vasos  450 g', 14, 76, 0, 30, 0, 'imagenes/imch/fotoch25.jpg', 'imagenes/imgr/fotogr25.jpg', 1),
(26, 'Ositos de goma Gumbär', 11, 3, '100 - bolsas 250 g', 31.23, 15, 0, 0, 1, 'imagenes/imch/fotoch26.jpg', 'imagenes/imgr/fotogr26.jpg', 1),
(27, 'Chocolate Schoggi', 11, 3, '100 - piezas 100 g', 43.9, 49, 0, 30, 0, 'imagenes/imch/fotoch27.jpg', 'imagenes/imgr/fotogr27.jpg', 1),
(28, 'Col fermentada Rössle', 12, 7, '25 - latas 825 g', 45.6, 26, 0, 0, 0, 'imagenes/imch/fotoch28.jpg', 'imagenes/imgr/fotogr28.jpg', 1),
(29, 'Salchicha Thüringer', 12, 6, '50 bolsas x 30 salch', 123.79, 0, 0, 0, 0, 'imagenes/imch/fotoch29.jpg', 'imagenes/imgr/fotogr29.jpg', 1),
(30, 'Arenque blanco del noroeste', 13, 8, '10 - vasos 200 g', 25.89, 10, 0, 15, 0, 'imagenes/imch/fotoch30.jpg', 'imagenes/imgr/fotogr30.jpg', 1),
(31, 'Queso gorgonzola Telino', 14, 4, '12 - paq. 100 g', 12.5, 0, 70, 20, 0, 'imagenes/imch/fotoch31.jpg', 'imagenes/imgr/fotogr31.jpg', 1),
(32, 'Queso Mascarpone Fabioli', 14, 4, '24 - paq. 200 g', 32, 9, 40, 25, 0, 'imagenes/imch/fotoch32.jpg', 'imagenes/imgr/fotogr32.jpg', 1),
(33, 'Queso de cabra', 15, 4, '500 g', 2.5, 112, 0, 20, 0, 'imagenes/imch/fotoch33.jpg', 'imagenes/imgr/fotogr33.jpg', 1),
(34, 'Cerveza Sasquatch', 16, 1, '24 - bot. 12 l', 14, 111, 0, 15, 1, 'imagenes/imch/fotoch34.jpg', 'imagenes/imgr/fotogr34.jpg', 1),
(35, 'Cerveza negra Steeleye', 16, 1, '24 - bot. 12 l', 18, 20, 0, 15, 0, 'imagenes/imch/fotoch35.jpg', 'imagenes/imgr/fotogr35.jpg', 1),
(36, 'Escabeche de arenque', 17, 8, '24 - frascos 250 g', 19, 112, 0, 20, 0, 'imagenes/imch/fotoch36.jpg', 'imagenes/imgr/fotogr36.jpg', 1),
(37, 'Salmón ahumado Gravad', 17, 8, '12 - paq. 500 g', 26, 11, 50, 25, 0, 'imagenes/imch/fotoch37.jpg', 'imagenes/imgr/fotogr37.jpg', 1),
(38, 'Vino Côte de Blaye', 18, 1, '12 - bot. 75 cl', 263.5, 17, 0, 15, 1, 'imagenes/imch/fotoch38.jpg', 'imagenes/imgr/fotogr38.jpg', 1),
(39, 'Licor verde Chartreuse', 18, 1, '750 cc por bot.', 18, 69, 0, 5, 0, 'imagenes/imch/fotoch39.jpg', 'imagenes/imgr/fotogr39.jpg', 1),
(40, 'Carne de cangrejo de Boston', 19, 8, '24 - latas 4 l', 18.4, 123, 0, 30, 0, 'imagenes/imch/fotoch40.jpg', 'imagenes/imgr/fotogr40.jpg', 1),
(41, 'Crema de almejas estilo Nueva Inglaterra', 19, 8, '12 - latas 12 l', 9.65, 85, 0, 10, 0, 'imagenes/imch/fotoch41.jpg', 'imagenes/imgr/fotogr41.jpg', 1),
(42, 'Tallarines de Singapur', 20, 5, '32 - 1 kg paq.', 14, 26, 0, 0, 1, 'imagenes/imch/fotoch42.jpg', 'imagenes/imgr/fotogr42.jpg', 1),
(43, 'Café de Malasia', 20, 1, '16 - latas 500 g', 46, 17, 10, 25, 0, 'imagenes/imch/fotoch43.jpg', 'imagenes/imgr/fotogr43.jpg', 1),
(44, 'Azúcar negra Malacca', 20, 2, '20 - bolsas 2 kg', 19.45, 27, 0, 15, 0, 'imagenes/imch/fotoch44.jpg', 'imagenes/imgr/fotogr44.jpg', 1),
(45, 'Arenque ahumado', 21, 8, 'paq. 1k', 9.5, 5, 70, 15, 0, 'imagenes/imch/fotoch45.jpg', 'imagenes/imgr/fotogr45.jpg', 1),
(46, 'Arenque salado', 21, 8, '4 - vasos 450 g', 12, 95, 0, 0, 1, 'imagenes/imch/fotoch46.jpg', 'imagenes/imgr/fotogr46.jpg', 1),
(47, 'Galletas Zaanse', 22, 3, '10 - cajas 4 l', 9.5, 36, 0, 0, 0, 'imagenes/imch/fotoch47.jpg', 'imagenes/imgr/fotogr47.jpg', 1),
(48, 'Chocolate holandés', 22, 3, '10 paq.', 12.75, 15, 70, 25, 0, 'imagenes/imch/fotoch48.jpg', 'imagenes/imgr/fotogr48.jpg', 1),
(49, 'Regaliz', 23, 3, '24 - paq. 50 g', 20, 10, 60, 15, 0, 'imagenes/imch/fotoch49.jpg', 'imagenes/imgr/fotogr49.jpg', 1),
(50, 'Chocolate blanco', 23, 3, '12 - barras 100 g', 16.25, 65, 0, 30, 0, 'imagenes/imch/fotoch50.jpg', 'imagenes/imgr/fotogr50.jpg', 1),
(51, 'Manzanas secas Manjimup', 24, 7, '50 - paq. 300 g', 53, 20, 0, 10, 0, 'imagenes/imch/fotoch51.jpg', 'imagenes/imgr/fotogr51.jpg', 1),
(52, 'Cereales para Filo', 24, 5, '16 - cajas 2 kg', 7, 38, 0, 25, 0, 'imagenes/imch/fotoch52.jpg', 'imagenes/imgr/fotogr52.jpg', 1),
(53, 'Empanada de carne', 24, 6, '48 porc.', 32.8, 0, 0, 0, 1, 'imagenes/imch/fotoch53.jpg', 'imagenes/imgr/fotogr53.jpg', 1),
(54, 'Empanada de cerdo', 25, 6, '16 tartas', 7.45, 21, 0, 10, 0, 'imagenes/imch/fotoch54.jpg', 'imagenes/imgr/fotogr54.jpg', 1),
(55, 'Paté chino', 25, 6, '24 cajas x 2 tartas', 24, 115, 0, 20, 0, 'imagenes/imch/fotoch55.jpg', 'imagenes/imgr/fotogr55.jpg', 1),
(56, 'Gnocchi de la abuela Alicia', 26, 5, '24 - paq. 250 g', 38, 21, 10, 30, 0, 'imagenes/imch/fotoch56.jpg', 'imagenes/imgr/fotogr56.jpg', 1),
(57, 'Raviolis Angelo', 26, 5, '24 - paq. 250 g', 19.5, 36, 0, 20, 0, 'imagenes/imch/fotoch57.jpg', 'imagenes/imgr/fotogr57.jpg', 1),
(58, 'Caracoles de Borgoña', 27, 8, '24 porc.', 13.25, 62, 0, 20, 0, 'imagenes/imch/fotoch58.jpg', 'imagenes/imgr/fotogr58.jpg', 1),
(59, 'Raclet de queso Courdavault', 28, 4, 'paq. 5 kg', 55, 79, 0, 0, 0, 'imagenes/imch/fotoch59.jpg', 'imagenes/imgr/fotogr59.jpg', 1),
(60, 'Camembert Pierrot', 28, 4, '15 - paq. 300 g', 34, 19, 0, 0, 0, 'imagenes/imch/fotoch60.jpg', 'imagenes/imgr/fotogr60.jpg', 1),
(61, 'Sirope de arce', 29, 2, '24 - bot. 500 ml', 28.5, 113, 0, 25, 0, 'imagenes/imch/fotoch61.jpg', 'imagenes/imgr/fotogr61.jpg', 1),
(62, 'Tarta de azúcar', 29, 3, '48 tartas', 49.3, 17, 0, 0, 0, 'imagenes/imch/fotoch62.jpg', 'imagenes/imgr/fotogr62.jpg', 1),
(63, 'Sandwich de vegetales', 7, 1, '15 - frascos 625 g', 43.9, 24, 0, 5, 1, 'imagenes/imch/fotoch63.jpg', 'imagenes/imgr/fotogr63.jpg', 1),
(64, 'Bollos de pan de Wimmer', 12, 5, '20 bolsas x 4 porc.', 33.25, 22, 80, 30, 0, 'imagenes/imch/fotoch64.jpg', 'imagenes/imgr/fotogr64.jpg', 1),
(65, 'Salsa de pimiento picante de Luisiana', 2, 2, '32 - bot. 8 l', 21.05, 76, 0, 0, 0, 'imagenes/imch/fotoch65.jpg', 'imagenes/imgr/fotogr65.jpg', 1),
(66, 'Especias picantes de Luisiana', 2, 2, '24 - frascos 8 l', 17, 4, 100, 20, 0, 'imagenes/imch/fotoch66.jpg', 'imagenes/imgr/fotogr66.jpg', 1),
(67, 'Cerveza Laughing Lumberjack', 16, 1, '24 - bot. 12 l', 14, 52, 0, 10, 0, 'imagenes/imch/fotoch67.jpg', 'imagenes/imgr/fotogr67.jpg', 1),
(68, 'Barras de pan de Escocia', 8, 3, '10 cajas x 8 porc.', 12.5, 6, 10, 15, 1, 'imagenes/imch/fotoch68.jpg', 'imagenes/imgr/fotogr68.jpg', 1),
(69, 'Queso Gudbrandsdals', 15, 4, 'paq. 10 kg', 36, 26, 0, 15, 0, 'imagenes/imch/fotoch69.jpg', 'imagenes/imgr/fotogr69.jpg', 1),
(70, 'Cerveza Outback', 7, 1, '24 - bot. 355 ml', 15, 15, 10, 30, 0, 'imagenes/imch/fotoch70.jpg', 'imagenes/imgr/fotogr70.jpg', 1),
(71, 'Crema de queso Fløtemys', 15, 4, '10 - paq. 500 g', 21.5, 26, 0, 0, 0, 'imagenes/imch/fotoch71.jpg', 'imagenes/imgr/fotogr71.jpg', 1),
(72, 'Queso Mozzarella Giovanni', 14, 4, '24 - paq. 200 g', 34.8, 14, 0, 0, 0, 'imagenes/imch/fotoch72.jpg', 'imagenes/imgr/fotogr72.jpg', 1),
(73, 'Caviar rojo', 17, 8, '24 - frascos150 g', 15, 101, 0, 5, 0, 'imagenes/imch/fotoch73.jpg', 'imagenes/imgr/fotogr73.jpg', 1),
(74, 'Queso de soja Longlife', 4, 7, 'paq. 5 kg', 10, 4, 20, 5, 1, 'imagenes/imch/fotoch74.jpg', 'imagenes/imgr/fotogr74.jpg', 1),
(75, 'Cerveza Klosterbier Rhönbräu', 12, 1, '24 - bot. 0,5 l', 7.75, 125, 0, 25, 0, 'imagenes/imch/fotoch75.jpg', 'imagenes/imgr/fotogr75.jpg', 1),
(76, 'Licor Cloudberry', 23, 1, '500 ml', 18, 57, 0, 20, 0, 'imagenes/imch/fotoch76.jpg', 'imagenes/imgr/fotogr76.jpg', 1),
(77, 'Salsa verde original Frankfurter', 12, 2, '12 cajas', 13, 32, 0, 15, 0, 'imagenes/imch/fotoch77.jpg', 'imagenes/imgr/fotogr77.jpg', 1),
(82, 'Leche Laive', 5, 1, NULL, 3, NULL, NULL, NULL, 0, NULL, NULL, 1),
(83, 'Leche Gloria', 1, 1, NULL, 323, NULL, NULL, NULL, 0, 'imagenes/imch/gloriachica.jpg', 'imagenes/imgr/gloriagrnade.jpg', 1),
(84, 'glor', 1, 1, NULL, 34, NULL, NULL, NULL, 0, 'imagenes/imch/gloriachica.jpg', 'imagenes/imgr/gloriagrnade.jpg', 1),
(85, 'leche', 1, 1, NULL, 56, NULL, NULL, NULL, 0, 'imagenes/imch/gloriachica.jpg', 'imagenes/imgr/gloriagrnade.jpg', 1),
(86, 'Mermelada', 2, 3, 'Botella de 1 litro', 12, 2, NULL, NULL, 0, NULL, NULL, 1),
(87, 'Mantequilla', 1, 3, '100 gr', 4, 8, NULL, NULL, 0, NULL, NULL, 1),
(88, 'Leche Gloria', 4, 4, 'Lata de 480 ml', 12, NULL, NULL, NULL, 1, NULL, NULL, 1),
(89, 'Salsa de huancaina', 2, 2, 'Salsa Peruana', 12, NULL, NULL, NULL, 1, NULL, NULL, 1);

-- --------------------------------------------------------

--
-- Estructura de tabla para la tabla `proveedores`
--

CREATE TABLE `proveedores` (
  `idproveedor` int(11) NOT NULL,
  `nombreempresa` varchar(40) NOT NULL,
  `nombrecontacto` varchar(30) DEFAULT NULL,
  `cargocontacto` varchar(30) DEFAULT NULL,
  `direccion` varchar(60) DEFAULT NULL,
  `ciudad` varchar(15) DEFAULT NULL,
  `region` varchar(15) DEFAULT NULL,
  `codigopostal` varchar(10) DEFAULT NULL,
  `pais` varchar(15) DEFAULT NULL,
  `telefono` varchar(24) DEFAULT NULL,
  `fax` varchar(24) DEFAULT NULL
) ENGINE=MyISAM DEFAULT CHARSET=utf8;

--
-- Volcado de datos para la tabla `proveedores`
--

INSERT INTO `proveedores` (`idproveedor`, `nombreempresa`, `nombrecontacto`, `cargocontacto`, `direccion`, `ciudad`, `region`, `codigopostal`, `pais`, `telefono`, `fax`) VALUES
(1, 'Tiendas Charlotte', 'Charlotte Cooper', 'Gerente de compras', '88 Gilbert St.', 'Londres', NULL, 'EC1 4SD', 'Reino Unido', '(171) 555-2222', NULL),
(2, 'New Orleans Cajun Delights', 'Shelley Burke', 'Administrador de pedidos', 'P.O. Box 78934', 'New Orleans', 'LA', '70117', 'Estados Unidos', '(100) 555-4888', '12'),
(3, 'Grandma Kelly\'s Homestead', 'Regina Murphy', 'Representante de ventas', '707 Oxford Rd.', 'Ann Arbor', 'MI', '48104', 'Estados Unidos', '(313) 555-5735', '(313) 555-3349'),
(4, 'Tokyo Traders', 'Yoshi Nagase', 'Gerente de marketing', '9-8 SekimaiMusashino-shi', 'Tokyo', NULL, '100', 'Japón', '(03) 3555-5011', '(015) - 634'),
(5, 'Cooperativa de Quesos \'Las Cabras\'', 'Antonio del Valle Saavedra ', 'Administrador de exportaciones', 'Calle del Rosal 4', 'Oviedo', 'Asturias', '33007', 'España', '(98) 598 76 54', NULL),
(6, 'Mayumi\'s', 'Mayumi Ohno', 'Representante de marketing', '92 Setsuko\r\nChuo-ku', 'Osaka', NULL, '545', 'Japón', '(06) 431-7877', NULL),
(7, 'Pavlova, Ltd.', 'Ian Devling', 'Gerente de marketing', '74 Rose St.\r\nMoonie Ponds', 'Melbourne', 'Victoria', '3058', 'Australia', '(03) 444-2343', '(03) 444-6588'),
(8, 'Specialty Biscuits, Ltd.', 'Peter Wilson', 'Representante de ventas', '29 King\'s Way', 'Manchester', NULL, 'M14 GSD', 'Reino Unido', '(161) 555-4448', NULL),
(9, 'PB Knäckebröd AB', 'Lars Peterson', 'Agente de ventas', 'Kaloadagatan 13', 'Göteborg', NULL, 'S-345 67', 'Suecia', '031-987 65 43', '031-987 65 91'),
(10, 'Refrescos Americanas LTDA', 'Carlos Diaz', 'Gerente de marketing', 'Av. das Americanas 12.890', 'São Paulo', NULL, '5442', 'Brasil', '(11) 555 4640', NULL),
(11, 'Heli Süßwaren GmbH & Co. KG', 'Petra Winkler', 'Gerente de ventas', 'Tiergartenstraße 5', 'Berlín', NULL, '10785', 'Alemania', '(010) 9984510', NULL),
(12, 'Plutzer Lebensmittelgroßmärkte AG', 'Martin Bein', 'Ger. marketing internacional', 'Bogenallee 51', 'Frankfurt', NULL, '60439', 'Alemania', '(069) 992755', NULL),
(13, 'Nord-Ost-Fisch Handelsgesellschaft mbH', 'Sven Petersen', 'Coordinador de mercados', 'Frahmredder 112a', 'Cuxhaven', NULL, '27478', 'Alemania', '(04721) 8713', '(04721) 8714'),
(14, 'Formaggi Fortini s.r.l.', 'Elio Rossi', 'Representante de ventas', 'Viale Dante, 75', 'Ravenna', NULL, '48100', 'Italia', '(0544) 60323', '(0544) 60603'),
(15, 'Norske Meierier', 'Beate Vileid', 'Gerente de marketing', 'Hatlevegen 5', 'Sandvika', NULL, '1320', 'Noruega', '(0)2-953010', NULL),
(16, 'Bigfoot Breweries', 'Cheryl Saylor', 'Repr. de cuentas regional', '3400 - 8th Avenue\r\nSuite 210', 'Bend', 'OR', '97101', 'Estados Unidos', '(503) 555-9931', NULL),
(17, 'Svensk Sjöföda AB', 'Michael Björn', 'Representante de ventas', 'Brovallavägen 231', 'Stockholm', NULL, 'S-123 45', 'Suecia', '08-123 45 67', NULL),
(18, 'Aux joyeux ecclésiastiques', 'Guylène Nodier', 'Gerente de ventas', '203, Rue des Francs-Bourgeois', 'París', NULL, '75004', 'Francia', '(1) 03.83.00.68', '(1) 03.83.00.62'),
(19, 'New England Seafood Cannery', 'Robb Merchant', 'Agente de cuentas al por mayor', 'Order Processing Dept.\r\n2100 Paul Revere Blvd.', 'Boston', 'MA', '02134', 'Estados Unidos', '(617) 555-3267', '(617) 555-3389'),
(20, 'Leka Trading', 'Chandra Leka', 'Propietario', '471 Serangoon Loop, Suite #402', 'Singapore', NULL, '0512', 'Singapur', '555-8787', NULL),
(21, 'Lyngbysild', 'Niels Petersen', 'Gerente de ventas', 'Lyngbysild\r\nFiskebakken 10', 'Lyngby', NULL, '2800', 'Dinamarca', '43844108', '43844115'),
(22, 'Zaanse Snoepfabriek', 'Dirk Luchte', 'Gerente de contabilidad', 'Verkoop\r\nRijnweg 22', 'Zaandam', NULL, '9999 ZZ', 'Holanda', '(12345) 1212', '(12345) 1210'),
(23, 'Karkki Oy', 'Anne Heikkonen', 'Gerente de producción', 'Valtakatu 12', 'Lappeenranta', NULL, '53120', 'Finlandia', '(953) 10956', NULL),
(24, 'G\'day, Mate', 'Wendy Mackenzie', 'Representante de ventas', '170 Prince Edward Parade\r\nHunter\'s Hill', 'Sydney', 'NSW', '2042', 'Australia', '(02) 555-5914', '(02) 555-4873'),
(25, 'Ma Maison', 'Jean-Guy Lauzon', 'Gerente de marketing', '2960 Rue St. Laurent', 'Montréal', 'Québec', 'H1J 1C3', 'Canadá', '(514) 555-9022', NULL),
(26, 'Pasta Buttini s.r.l.', 'Giovanni Giudici', 'Administrador de pedidos', 'Via dei Gelsomini, 153', 'Salerno', NULL, '84100', 'Italia', '(089) 6547665', '(089) 6547667'),
(27, 'Escargots Nouveaux', 'Marie Delamare', 'Gerente de ventas', '22, rue H. Voiron', 'Montceau', NULL, '71300', 'Francia', '85.57.00.07', NULL),
(28, 'Gai pâturage', 'Eliane Noz', 'Representante de ventas', 'Bat. B\r\n3, rue des Alpes', 'Annecy', NULL, '74000', 'Francia', '38.76.98.06', '38.76.98.58'),
(29, 'Forêts d\'érables', 'Chantal Goulet', 'Gerente de contabilidad', '148 rue Chasseur', 'Ste-Hyacinthe', 'Québec', 'J2S 7S8', 'Canadá', '(514) 555-2955', '(514) 555-2921');

-- --------------------------------------------------------

--
-- Estructura de tabla para la tabla `visitas`
--

CREATE TABLE `visitas` (
  `idvisita` int(11) NOT NULL,
  `nombres` varchar(60) NOT NULL,
  `correoelectronico` varchar(40) NOT NULL,
  `comentario` text NOT NULL,
  `edad` tinyint(4) NOT NULL
) ENGINE=MyISAM DEFAULT CHARSET=utf8;

--
-- Volcado de datos para la tabla `visitas`
--

INSERT INTO `visitas` (`idvisita`, `nombres`, `correoelectronico`, `comentario`, `edad`) VALUES
(1, 'Pedro Picapiedras', 'pedro@gmail.com', 'Han pasado dos años desde que el tranquilo Peter Parker (Tobey Maguire) dejó a su amor de toda la vida, Mary Jane Watson (Kirsten Dunst) y decidió seguir el camino de la res-ponsabilidad como Spider-Man. Peter debe afrontar nuevos desafíos mientras lucha contra “el don y la maldi-ción” de sus poderes equilibrando sus identidades duales como el ', 34),
(2, 'Pablo Marmol', 'pablo@hotmail.com', 'escurridizo superhéroe Spider-Man y la vida como estudiante uni-versitario. Las relaciones con las personas que más aprecia están ahora en peligro de ser descubiertas con la aparición del poderoso villano de múltiples tentáculos Doctor Octopus, “Doc Ock” (Alfred Molina). Su atracción de siempre por Mary Jane se hace incluso más fuerte mientras lucha contra el impulso de abandonar su vida secreta y declarar su amor. ', 29),
(3, 'Popeye El Marino', 'poeye@yahoo.es', 'Mientras tanto, Mary ha seguido con su vida. Se ha embarcado en su carrera de actriz y tiene un nuevo hombre en su vida. La relación de Peter con su mejor amigo Harry Osborn (James Franco) se ha ensombrecido por la creciente ven-ganza de Harry contra Spider-Man, al que considera responsable de la muerte de su padre. La vida de Peter se convierte en aún más complicada cuando ha de enfrentarse con su poderoso nuevo ene-migo, el', 26),
(4, 'Marge Simpson', 'marge@gmail.com', 'La vida de Peter se convierte en aún más complicada cuando ha de enfrentarse con su poderoso nuevo ene-migo, el Dr. Otto Octavius (Molina). Peter debe aprender ahora a aceptar su destino y a utilizar todos sus talentos como superhéroe para detener a este loco diabólico de ocho brazos.', 31),
(5, 'Cocolizo El Marino', 'cocolizo@yahoo.es', 'A Franco se le podrá ver próximamente en la película de Robert Altman The Company, al lado de Neve Campbell y en The Great Raid, de John Dahl junto a Benjamin Bratt. Su papel protagónico mas reciente fue en Sonny debut como director de Nicolas Cage, así como en City by the Sea al lado de Robert DeNiro dirigida por Michael Caton-Jones. Entre otros logros podemos incluir la producción de Martin Scorsese Deuces Wild, Whatever It Takes and Never Been Kissed. En cuanto a trabajo en televisión se refiere, Franco protagonizo la serie de NBC Freaks and Geeks.', 18),
(6, 'Juan Valdivia', 'juan@gmail.com', 'interesante la informacion', 23),
(7, 'percy robles', 'percy@yahoo.es', 'gkdjg lksfdgkfklg sf gklsfd jgkskfg sfjksfdkgsf gksfdkg sfdgskj gñsfd', 23),
(8, 'Maria de los Santos', 'maria@gmail.com', 'adsg kdjlaj gs ñkgsfdgj kjsfdgjsfdhjg hsfghjksf gksfdjgh dsfgh jksfdh gjfdhjg sjghsdjhg lsdfkgsfg sfdgsd', 41),
(9, 'Jose Saldaña', 'jose@gmail.com', 'adsfhdsajk fhjkadshfjkadshfjhadjfh jsdhf jkadsjkfhadsfdjfadfjdjjasd fadjkf hadsh fkjadsh jfdsakjf ads hfja dsjfads jfjadshf jadsjkfh ajdsfhj adsfh asdfjadfjadsjkfh ads fkjadsjf hadjkfh jadfjah fajdsfa', 34),
(10, 'Mario Miranda', 'mariomir@hotmail.com', ' Maguire) dejó a su amor de toda la vida, Mary Jane Watson (Kirsten Dunst) y decidió seguir el camino de la res-ponsabilidad como Spider-Man. Peter debe afrontar nuevos desafíos mientras lucha contra “el don y la maldi-ción” de sus poderes e', 43),
(11, 'Carlos', 'carlos@car@com', 'kdfjgks fjsnv jfvfs v fvkj fdskv sd', 12),
(12, 'Jose Peralta', 'jose@yahoo.es', 'Muy interesante\r\npero por favor amplien la información', 45);

--
-- Índices para tablas volcadas
--

--
-- Indices de la tabla `categorias`
--
ALTER TABLE `categorias`
  ADD PRIMARY KEY (`idcategoria`);

--
-- Indices de la tabla `clientes`
--
ALTER TABLE `clientes`
  ADD PRIMARY KEY (`idcliente`);

--
-- Indices de la tabla `empleados`
--
ALTER TABLE `empleados`
  ADD PRIMARY KEY (`idempleado`);

--
-- Indices de la tabla `empresasenvios`
--
ALTER TABLE `empresasenvios`
  ADD PRIMARY KEY (`idempresaenvio`);

--
-- Indices de la tabla `galeria`
--
ALTER TABLE `galeria`
  ADD PRIMARY KEY (`idpelicula`);

--
-- Indices de la tabla `noticias`
--
ALTER TABLE `noticias`
  ADD PRIMARY KEY (`idnoticia`);

--
-- Indices de la tabla `pedidos`
--
ALTER TABLE `pedidos`
  ADD PRIMARY KEY (`idpedido`),
  ADD KEY `FK_pedidos` (`idempleado`),
  ADD KEY `FK_empresasenvios_pedidos` (`idempresaenvio`),
  ADD KEY `FK_clientes_pedidos` (`idcliente`);

--
-- Indices de la tabla `pedidosdetalles`
--
ALTER TABLE `pedidosdetalles`
  ADD PRIMARY KEY (`idpedido`,`idproducto`),
  ADD KEY `FK_pedidosdetalles` (`idproducto`);

--
-- Indices de la tabla `productos`
--
ALTER TABLE `productos`
  ADD PRIMARY KEY (`idproducto`),
  ADD KEY `FK_productos` (`idcategoria`),
  ADD KEY `FK_proveedores_productos` (`idproveedor`);

--
-- Indices de la tabla `proveedores`
--
ALTER TABLE `proveedores`
  ADD PRIMARY KEY (`idproveedor`);

--
-- Indices de la tabla `visitas`
--
ALTER TABLE `visitas`
  ADD PRIMARY KEY (`idvisita`);

--
-- AUTO_INCREMENT de las tablas volcadas
--

--
-- AUTO_INCREMENT de la tabla `categorias`
--
ALTER TABLE `categorias`
  MODIFY `idcategoria` int(11) NOT NULL AUTO_INCREMENT, AUTO_INCREMENT=9;

--
-- AUTO_INCREMENT de la tabla `clientes`
--
ALTER TABLE `clientes`
  MODIFY `idcliente` int(11) NOT NULL AUTO_INCREMENT, AUTO_INCREMENT=92;

--
-- AUTO_INCREMENT de la tabla `empleados`
--
ALTER TABLE `empleados`
  MODIFY `idempleado` int(11) NOT NULL AUTO_INCREMENT, AUTO_INCREMENT=11;

--
-- AUTO_INCREMENT de la tabla `empresasenvios`
--
ALTER TABLE `empresasenvios`
  MODIFY `idempresaenvio` int(11) NOT NULL AUTO_INCREMENT, AUTO_INCREMENT=4;

--
-- AUTO_INCREMENT de la tabla `galeria`
--
ALTER TABLE `galeria`
  MODIFY `idpelicula` int(11) NOT NULL AUTO_INCREMENT, AUTO_INCREMENT=2;

--
-- AUTO_INCREMENT de la tabla `noticias`
--
ALTER TABLE `noticias`
  MODIFY `idnoticia` int(11) NOT NULL AUTO_INCREMENT, AUTO_INCREMENT=3;

--
-- AUTO_INCREMENT de la tabla `pedidos`
--
ALTER TABLE `pedidos`
  MODIFY `idpedido` int(11) NOT NULL AUTO_INCREMENT, AUTO_INCREMENT=11078;

--
-- AUTO_INCREMENT de la tabla `productos`
--
ALTER TABLE `productos`
  MODIFY `idproducto` int(11) NOT NULL AUTO_INCREMENT, AUTO_INCREMENT=90;

--
-- AUTO_INCREMENT de la tabla `proveedores`
--
ALTER TABLE `proveedores`
  MODIFY `idproveedor` int(11) NOT NULL AUTO_INCREMENT, AUTO_INCREMENT=30;

--
-- AUTO_INCREMENT de la tabla `visitas`
--
ALTER TABLE `visitas`
  MODIFY `idvisita` int(11) NOT NULL AUTO_INCREMENT, AUTO_INCREMENT=13;
COMMIT;

/*!40101 SET CHARACTER_SET_CLIENT=@OLD_CHARACTER_SET_CLIENT */;
/*!40101 SET CHARACTER_SET_RESULTS=@OLD_CHARACTER_SET_RESULTS */;
/*!40101 SET COLLATION_CONNECTION=@OLD_COLLATION_CONNECTION */;
